Length,Weight,Fec,SC,Year
255.2,124.89,39781.56566,Spring,2022
271.8,138.96,38883.22684,Spring,2022
296.6,222.78,68386.679,Spring,2022
260.5,129.86,17517.17172,Spring,2022
245,97.52,8013.783784,Spring,2022
247.4,113.5,13903.69326,Spring,2022
244.2,92.41,17028.34008,Spring,2022
248.2,98.91,15751.83005,Spring,2022
308.4,218.15,46472.18233,Spring,2022
249.8,120.89,19920.85561,Spring,2022
308,206.86,34385.49164,Spring,2022
273.4,154.03,20928.27548,Spring,2022
303.9,226.5,41778.19026,Spring,2022
245.4,110.81,26361.24845,Spring,2022
244.8,126.94,32810.80707,Spring,2022
280.7,184.35,41658.53659,Spring,2022
272.4,157.41,30684.27752,Spring,2022
255.6,135.75,27573.68311,Spring,2022
266.1,139.5,21110.32467,Spring,2022
259.5,123.74,24205.63295,Spring,2022
253,132.5,32481.78582,Spring,2022
260.9,142.32,40778.2523,Spring,2022
235.1,105.27,27971.89605,Spring,2022
259.2,140.17,41812.87703,Spring,2022
282.4,193.61,59789.98619,Spring,2022
261.5,148.07,40659.11876,Spring,2022
262.8,141.59,36843.46236,Spring,2022
261.6,131.05,37758.95921,Spring,2022
280.6,163.8,35170.42498,Spring,2022
269.3,158.52,48507.07965,Spring,2022
269.2,141.04,43889.83149,Spring,2022
261.3,138.02,41227.43363,Spring,2022
276.8,188.88,61937.5,Spring,2022
266.4,140.34,42733.01538,Spring,2022
260.5,135.9,34255.48814,Spring,2022
270.1,156.11,39470.0088,Spring,2022
248.6,119,35837.273,Spring,2022
274.4,154.37,51989.31909,Spring,2022
261.5,133.23,38971.09396,Spring,2022
283.5,172.99,42977.30476,Spring,2022
274.9,157.68,40264.64859,Spring,2022
271.7,145.62,40803.65401,Spring,2022
279.3,155.64,30662.91442,Spring,2022
261.1,128.65,33910.16949,Spring,2022
253.2,114.31,29213.38453,Spring,2022
267.3,151.88,40801.76131,Spring,2022
278.5,154.35,37453.46535,Spring,2022
251.7,110.99,30378.50467,Spring,2022
276.5,165.94,54466.88082,Spring,2022
260.3,132.98,30794.45061,Spring,2022
272.4,147.76,40776.29093,Spring,2022
261.9,136.03,39759.20946,Spring,2022
271.3,153.94,45203.83598,Spring,2022
296,236.1,68031.66333,Spring,2022
290.4,219.49,36261.36858,Spring,2022
302.1,221.27,27576.33575,Spring,2022
308.4,256.44,68881.14543,Spring,2022
292.5,215.5,28537.3459,Spring,2022
277.8,195.38,53869.30693,Spring,2022
281,185.31,22425.37386,Spring,2022
268.1,158.71,31250.73485,Spring,2022
275.6,168.46,56813.55932,Spring,2022
289.9,192.1,37734.45724,Spring,2022
293.5,200.16,65685.94699,Spring,2022
277,159.63,55697.44597,Spring,2022
241.9,112.55,28485.69726,Spring,2022
269.5,153.86,27108.18484,Spring,2022
254,136.47,34957.85586,Spring,2022
262,141.77,51682.47929,Spring,2022
271.1,142.48,50392.25928,Spring,2022
278.6,174.16,59660.94771,Spring,2022
301.8,194.52,58541.20603,Spring,2022
251.1,123.44,35678.75616,Spring,2022
309.4,225.15,63639.25697,Spring,2022
261,134.41,37928.67341,Spring,2022
289.4,170.06,51440.28117,Spring,2022
269.3,146.28,44943.31797,Spring,2022
297.9,193.83,57586.08916,Spring,2022
306.2,267.11,93318.54137,Spring,2022
252.9,118.97,35195.82938,Spring,2022
279.5,160.78,53037.03704,Spring,2022
275.6,153.85,49641.71975,Spring,2022
300.3,213.47,51580.88803,Spring,2022
262.2,138.77,48963.458,Spring,2022
286.4,182.7,50610.6632,Spring,2022
310.7,233.69,59456.90482,Spring,2022
292.1,213.46,43496.76966,Fall,2022
313.2,248.44,46423.20711,Fall,2022
306.5,217.6,25214.34893,Fall,2022
278.3,170.77,20454.08805,Fall,2022
273.7,171.43,24689.29504,Fall,2022
292.5,253.7,82321.32289,Fall,2022
308.5,251.86,41667.46507,Fall,2022
315.2,282.72,63782.40295,Fall,2022
314.8,286.1,67814.26087,Fall,2022
279.6,178.99,25025.96076,Fall,2022
296,218.16,22887.85461,Fall,2022
285.5,230.22,36650.83899,Fall,2022
304.3,269.01,38153.55323,Fall,2022
252.9,130.5,9708.091499,Fall,2022
283.1,160.61,22355.85209,Fall,2022
270.9,161.87,40317.83489,Fall,2022
312.1,199.23,34274.21233,Fall,2022
301.6,213.37,55735.57454,Fall,2022
264,156.04,34460.35385,Fall,2022
280.8,176.55,40780.56779,Fall,2022
289.1,220.01,58683.72093,Fall,2022
272,146.43,35267.8239,Fall,2022
308.2,235.53,40756.49705,Fall,2022
310.4,229.76,45405.123,Fall,2022
281.7,185.53,45755.74543,Fall,2022
291.2,203.74,57719.59459,Fall,2022
283.5,182.7,32977.21925,Fall,2022
300.6,213.18,38554.33194,Fall,2022
290.1,210.85,48665.28067,Fall,2022
288.4,210.61,43370.59621,Fall,2022
292.6,221.73,56240.25751,Fall,2022
272.8,173.15,56488.14959,Fall,2022
296,211.63,47781.57355,Fall,2022
314.8,258.33,49681.85986,Fall,2022
294.2,179.98,30639.83182,Fall,2022
309.6,239.37,71603.19043,Fall,2022
303.2,225.87,64488.12005,Fall,2022
285.3,201.26,46912.13635,Fall,2022
297.8,190.24,45651.31195,Fall,2022
286.8,196.82,46773.6245,Fall,2022
302.9,236.25,47174.56387,Fall,2022
311.7,271.1,87186.85619,Fall,2022
301.8,208.3,70441.18765,Fall,2022
324.9,329.37,104979.0492,Fall,2022
301.6,252.68,71665.67951,Fall,2022
322.5,310.68,112465.3497,Fall,2022
314.1,223.81,40933.57251,Fall,2022
301.4,254.2,100669.4274,Fall,2022
311.1,273.03,108542.6784,Fall,2022
289.7,235.96,89777.74744,Fall,2022
309.6,235.62,60396.71503,Fall,2022
271.5,160.8,55099.28453,Fall,2022
291,214.23,56525.79419,Fall,2022
277.7,184.58,36228.19528,Fall,2022
255.3,146.49,15233.13594,Fall,2022
309.2,259.98,74013.69823,Fall,2022
278.1,188.96,42323.08917,Fall,2022
260.1,143.04,31504.94845,Fall,2022
263.3,165.19,41601.86283,Fall,2022
281.6,193.46,42969.72501,Fall,2022
274.3,190.5,47617.38192,Fall,2022
292,204.63,63395.03386,Fall,2022
291.1,213.56,65849.65278,Fall,2022
277.1,180.5,53081.06811,Fall,2022
302.8,235.34,89118.69407,Fall,2022
311,242.73,76866.8277,Fall,2022
315,248.66,58604.47324,Fall,2022
310.2,212.83,49478.47596,Fall,2022
289.9,227.01,42769.79907,Fall,2022
309.8,278.43,95598.02689,Fall,2022
312.2,305.48,103511.694,Fall,2022
281.7,194.02,88834.20608,Fall,2022
281,174.47,34426.39843,Fall,2022
272.8,153.46,32776.15265,Fall,2022
327.1,296.82,113389.3671,Fall,2022
317.2,251.9,91502.11155,Fall,2022
314.8,206.52,49498.48246,Fall,2022
312.8,229.04,43078.85714,Fall,2022
285.4,210.38,65235.77008,Fall,2022
312.4,276.43,97172.67984,Fall,2022
292.3,230.12,72062.71474,Fall,2022
302.1,247.05,104761.8457,Fall,2022
313.8,248.96,106141.5521,Fall,2022
305.1,257.6,105654.4357,Fall,2022
355,339,132568,Spring,1970s
318,283,87421,Spring,1970s
318,251,92521,Spring,1970s
312,253,71594,Spring,1970s
347,300,96099,Spring,1970s
336,287,92266,Spring,1970s
342,354,96405,Spring,1970s
336,318,100974,Spring,1970s
316,256,90526,Spring,1970s
315,258,80943,Spring,1970s
331,257,68988,Spring,1970s
355,317,100374,Spring,1970s
321,366,81829,Spring,1970s
322,270,83483,Spring,1970s
330,258,48083,Spring,1970s
312,233,57715,Spring,1970s
326,267,75928,Spring,1970s
311,238,73371,Spring,1970s
313,252,68145,Spring,1970s
338,290,105424,Spring,1970s
323,260,89769,Spring,1970s
329,293,81611,Spring,1970s
327,286,76030,Spring,1970s
332,246,47592,Spring,1970s
337,298,77871,Spring,1970s
320,260,79723,Spring,1970s
319,268,66954,Spring,1970s
320,266,72048,Spring,1970s
287,188,34648,Spring,1970s
333,292,81617,Spring,1970s
318,227,54936,Spring,1970s
297,207,48969,Spring,1970s
313,239,31767,Spring,1970s
323,261,67373,Spring,1970s
315,240,55638,Spring,1970s
301,214,54521,Spring,1970s
332,299,75811,Spring,1970s
315,257,28157,Spring,1970s
316,242,45564,Spring,1970s
350,309,38071,Spring,1970s
259,138,23478,Spring,1970s
297,217,53538,Spring,1970s
328,263,56566,Spring,1970s
262,120,27303,Spring,1970s
293,182,36142,Spring,1970s
336,274,42799,Spring,1970s
313,244,74404,Spring,1970s
347,290,55818,Spring,1970s
332,269,62228,Spring,1970s
275,154,27056,Spring,1970s
306,234,40132,Spring,1970s
305,223,39835,Spring,1970s
346,326,62524,Spring,1970s
285,167,26829,Spring,1970s
318,280,25474,Spring,1970s
322,263,46681,Spring,1970s
322,360,93520,Fall,1970s
352,391,109828,Fall,1970s
347,342,96198,Fall,1970s
322,306,105448,Fall,1970s
357,407,136744,Fall,1970s
363,397,133792,Fall,1970s
290,197,48089,Spring,1970s
300,216,36158,Spring,1970s
278,162,26088,Spring,1970s
290,191,47583,Spring,1970s
286,176,39912,Spring,1970s
314,242,49451,Spring,1970s
291,167,42209,Spring,1970s
301,221,51881,Spring,1970s
282,168,30370,Spring,1970s
295,218,41796,Spring,1970s
306,224,50679,Spring,1970s
301,208,55102,Spring,1970s
283,165,50335,Spring,1970s
278,155,23620,Spring,1970s
306,216,75509,Spring,1970s
287,191,46852,Spring,1970s
312,219,64720,Spring,1970s
291,182,15229,Spring,1970s
290,174,42548,Spring,1970s
287,174,31627,Spring,1970s
288,171,35453,Spring,1970s
305,232,57435,Spring,1970s
296,204,33209,Spring,1970s
269,147,19594,Spring,1970s
285,190,34370,Spring,1970s
300,213,27961,Spring,1970s
,,86629,Fall,1970s
347,336,88016,Fall,1970s
298,237,81088,Fall,1970s
320,305,138310,Fall,1970s
322,310,92144,Fall,1970s
325,326,94292,Fall,1970s
346,333,181610,Fall,1970s
337,303,156668,Fall,1970s
312,270,91289,Fall,1970s
315,253,110024,Fall,1970s
323,276,115549,Fall,1970s
297,209,74469,Fall,1970s
320,272,126846,Fall,1970s
320,285,108262,Fall,1970s
318,240,57750,Fall,1970s
345,343,104576,Fall,1970s
373,460,62457,Fall,1970s
365,420,136481,Fall,1970s
326,297,90678,Fall,1970s
311,224,45021,Fall,1970s
312,237,67653,Fall,1970s
359,290,64936,Fall,1970s
322,314,86740,Fall,1970s
322,314,106517,Fall,1970s
354,349,120012,Fall,1970s
312,277,80464,Fall,1970s
348,346,122079,Fall,1970s
312,277,97790,Fall,1970s
314,271,77939,Fall,1970s
314,256,63429,Fall,1970s
284,169,33727,Spring,1970s
296,200,47329,Spring,1970s
301,204,30924,Spring,1970s
287,171,12227,Spring,1970s
294,183,23543,Spring,1970s
315,266,43279,Spring,1970s
289,166,20196,Spring,1970s
294,166,13553,Spring,1970s
328,252,36838,Spring,1970s
327,275,37767,Spring,1970s
320,293,130268,Fall,1970s
354,397,112724,Fall,1970s
348,359,132920,Fall,1970s
344,341,67386,Fall,1970s
329,321,63194,Fall,1970s
338,334,67243,Fall,1970s
325,305,70298,Fall,1970s
335,294,71369,Fall,1970s
350,323,86053,Fall,1970s
351,291,36772,Fall,1970s
355,280,22393,Fall,1970s
375,472,85872,Fall,1970s
359,349,86621,Fall,1970s
304,240,64895,Fall,1970s
327,322,62601,Fall,1970s
343,334,69766,Fall,1970s
346,353,96246,Fall,1970s
317,256,73948,Fall,1970s
350,350,79897,Fall,1970s
327,341,54738,Fall,1970s
348,331,80722,Fall,1970s
352,328,95059,Fall,1970s
320,246,50494,Fall,1970s
316,282,70858,Fall,1970s
355,365,111928,Fall,1970s
366,351,94433,Fall,1970s
336,344,51037,Fall,1970s
353,441,109024,Fall,1970s
337,331,93839,Fall,1970s
311,244,61195,Fall,1970s
363,352,67777,Fall,1970s
352,314,57516,Fall,1970s
296,216,81541,Fall,1970s
352,343,43114,Fall,1970s
300,204,36963,Fall,1970s
305,210,60841,Fall,1970s
311,282,41160,Fall,1970s
325,328,68783,Fall,1970s
363,367,54857,Fall,1970s
333,328,125249,Fall,1970s
367,348,132405,Fall,1970s
342,344,75800,Fall,1970s
311,232,78924,Fall,1970s
355,418,117100,Fall,1970s
332,354,44644,Fall,1970s
337,322,99192,Fall,1970s
340,311,140614,Fall,1970s
297,208,42498,Fall,1970s
360,373,78108,Fall,1970s
327,253,70646,Fall,1970s
310,255,69345,Fall,1970s
318,268,70907,Fall,1970s
346,230,51130,Fall,1970s
336,290,83181,Fall,1970s
318,276,42372,Fall,1970s
304,244,67225,Fall,1970s
285,202,47663,Fall,1970s
353,340,93446,Fall,1970s
328,257,71522,Fall,1970s
309,240,64050,Fall,1970s
342,285,73939,Fall,1970s
305,212,76120,Fall,1970s
317,276,74749,Fall,1970s
307,227,72056,Fall,1970s
345,319,59917,Fall,1970s
317,245,58943,Fall,1970s
321,292,100121,Fall,1970s
294,173,30805,Spring,1970s
289,176,52434,Spring,1970s
335,328,88802,Spring,1970s
277,166,40846,Spring,1970s
321,269,87918,Spring,1970s
299,197,43939,Spring,1970s
315,226,45080,Spring,1970s
323,270,61054,Spring,1970s
324,253,54738,Spring,1970s
274,164,38214,Spring,1970s
353,460,225398,Fall,1970s
339,364,204824,Fall,1970s
328,326,167831,Fall,1970s
332,342,144525,Fall,1970s
317,301,120055,Fall,1970s
338,349,170427,Fall,1970s
324,297,161245,Fall,1970s
348,386,197030,Fall,1970s
328,348,139308,Fall,1970s
331,332,187106,Fall,1970s
356,377,208261,Fall,1970s
316,277,104600,Fall,1970s
331,291,89884,Fall,1970s
319,271,158407,Fall,1970s
328,311,113792,Fall,1970s
323,303,117786,Fall,1970s
308,247,92349,Fall,1970s
354,360,119097,Fall,1970s
299,241,92331,Fall,1970s
326,336,137019,Fall,1970s
318,275,114783,Fall,1970s
328,329,159640,Fall,1970s
324,276,108223,Fall,1970s
337,307,73369,Fall,1970s
312,258,115940,Fall,1970s
304,251,84960,Fall,1970s
346,371,189003,Fall,1970s
349,394,158113,Fall,1970s
314,263,89300,Fall,1970s
307,234,55518,Fall,1970s
339,351,180489,Fall,1970s
313,280,124571,Fall,1970s
354,393,137743,Fall,1970s
346,345,114028,Fall,1970s
314,287,48308,Fall,1970s
346,386,60560,Fall,1970s
332,269,123945,Fall,1970s
339,354,167898,Fall,1970s
307,246,78286,Fall,1970s
312,259,89414,Fall,1970s
327,340,113475,Fall,1970s
348,342,87770,Fall,1970s
354,336,93421,Fall,1970s
293,222,70185,Fall,1970s
340,372,142729,Fall,1970s
318,288,46249,Fall,1970s
340,366,49825,Fall,1970s
323,254,40433,Fall,1970s
310,249,87426,Fall,1970s
334,318,115628,Fall,1970s
347,343,95318,Fall,1970s
290,205,94780,Fall,1970s
302,247,75458,Fall,1970s
,,138328,Fall,1970s
346,329,67666,Fall,1970s
330,351,182898,Fall,1970s
337,335,40418,Fall,1970s
317,266,68940,Fall,1970s
348,329,113264,Fall,1970s
280,189,106372,Fall,1970s
327,268,58081,Fall,1970s
307,243,55227,Fall,1970s
305,221,46978,Fall,1970s
333,323,66965,Fall,1970s
356,332,92671,Fall,1970s
357,348,138363,Fall,1970s
327,295,100628,Fall,1970s
360,333,76816,Fall,1970s
318,268,66081,Fall,1970s
307,233,54110,Fall,1970s
350,332,66151,Fall,1970s
320,249,72100,Fall,1970s
329,283,68515,Fall,1970s
322,244,50142,Fall,1970s
308,282,85980,Fall,1970s
320,282,68558,Fall,1970s
330,252,73430,Fall,1970s
352,361,78310,Fall,1970s
317,283,49750,Fall,1970s
337,271,62367,Fall,1970s
310,237,64913,Fall,1970s
326,287,74898,Fall,1970s
356,327,68272,Fall,1970s
312,223,65718,Fall,1970s
359,372,60226,Fall,1970s
320,261,74372,Fall,1970s
315,267,55445,Fall,1970s
355,323,46479,Fall,1970s
332,302,27998,Fall,1970s
331,275,95847,Fall,1970s
337,365,99792,Fall,1970s
332,291,61759,Fall,1970s
354,349,73864,Fall,1970s
345,325,81214,Fall,1970s
342,333,81763,Fall,1970s
340,320,60094,Fall,1970s
304,230,27792,Fall,1970s
309,235,80556,Spring,1970s
277,165,50917,Spring,1970s
268,136,62450,Spring,1970s
298,205,22669,Spring,1970s
287,189,49137,Spring,1970s
275,164,35424,Spring,1970s
319,260,38855,Spring,1970s
354,385,165236,Fall,1970s
359,448,121098,Fall,1970s
363,406,180425,Fall,1970s
350,391,168874,Fall,1970s
364,448,216152,Fall,1970s
331,327,166550,Fall,1970s
377,495,196286,Fall,1970s
363,436,210537,Fall,1970s
308,256,138290,Fall,1970s
349,404,289238,Fall,1970s
346,395,171045,Fall,1970s
353,418,156964,Fall,1970s
382,526,112990,Fall,1970s
318,312,102197,Fall,1970s
309,262,141623,Fall,1970s
355,484,188165,Fall,1970s
359,472,108558,Fall,1970s
327,337,177285,Fall,1970s
344,385,200280,Fall,1970s
341,389,148011,Fall,1970s
307,241,59563,Fall,1970s
352,423,187291,Fall,1970s
358,460,149142,Fall,1970s
309,266,104895,Fall,1970s
354,422,110229,Fall,1970s
361,491,248169,Fall,1970s
348,398,200812,Fall,1970s
316,306,141114,Fall,1970s
355,339,129968,Fall,1970s
281,221,184728,Fall,1970s
354,399,245358,Fall,1970s
353,400,214079,Fall,1970s
354,441,154001,Fall,1970s
357,400,200286,Fall,1970s
351,413,172538,Fall,1970s
325,259,82687,Spring,1970s
311,231,88371,Spring,1970s
296,233,77067,Spring,1970s
313,254,87402,Spring,1970s
299,220,55188,Spring,1970s
292,193,60629,Spring,1970s
297,202,59290,Spring,1970s
304,211,66696,Spring,1970s
301,167,73487,Spring,1970s
310,241,109241,Spring,1970s
303,216,46247,Spring,1970s
293,204,63903,Spring,1970s
296,198,40122,Spring,1970s
295,189,53337,Spring,1970s
319,273,86075,Spring,1970s
302,207,63619,Spring,1970s
295,204,59965,Spring,1970s
304,214,84689,Spring,1970s
318,260,53543,Spring,1970s
321,280,89364,Spring,1970s
311,259,66609,Spring,1970s
318,252,90921,Spring,1970s
302,212,82559,Spring,1970s
321,266,55569,Spring,1970s
302,217,56924,Spring,1970s
309,238,56292,Spring,1970s
329,296,77762,Spring,1970s
314,275,109797,Spring,1970s
283,173,51531,Spring,1970s
312,247,67255,Spring,1970s
307,223,46553,Spring,1970s
318,260,55771,Spring,1970s
284,191,65012,Spring,1970s
310,237,82271,Spring,1970s
308,238,75329,Spring,1970s
300,219,77004,Spring,1970s
309,251,84703,Spring,1970s
310,249,75911,Spring,1970s
318,266,84203,Spring,1970s
279,178,54473,Spring,1970s
295,219,72179,Spring,1970s
320,240,77166,Spring,1970s
303,217,79565,Spring,1970s
295,211,60235,Spring,1970s
302,226,66001,Spring,1970s
294,201,68326,Spring,1970s
289,196,54571,Spring,1970s
286,196,52498,Spring,1970s
285,195,49715,Spring,1970s
302,227,81868,Spring,1970s
295,211,64875,Spring,1970s
294,207,62188,Spring,1970s
289,193,52818,Spring,1970s
290,176,70682,Spring,1970s
301,223,76140,Spring,1970s
296,187,66609,Spring,1970s
284,174,49419,Spring,1970s
289,188,62688,Spring,1970s
292,187,61952,Spring,1970s
292,192,65505,Spring,1970s
291,191,57515,Spring,1970s
286,187,59019,Spring,1970s
302,221,75470,Spring,1970s
285,186,57526,Spring,1970s
313,247,66479,Spring,1970s
310,249,53833,Spring,1970s
292,224,75444,Spring,1970s
319,249,71013,Spring,1970s
305,245,81857,Spring,1970s
290,201,45218,Spring,1970s
322,233,47115,Spring,1970s
303,216,69417,Spring,1970s
314,245,85138,Spring,1970s
287,186,35696,Spring,1970s
326,279,81049,Spring,1970s
318,267,91635,Spring,1970s
298,193,59899,Spring,1970s
320,278,87397,Spring,1970s
312,231,45341,Spring,1970s
342,318,44645,Spring,1970s
310,219,60051,Spring,1970s
303,196,47561,Spring,1970s
295,193,44852,Spring,1970s
274,139,60434,Spring,1970s
291,202,56362,Spring,1970s
320,253,91338,Spring,1970s
327,269,68397,Spring,1970s
318,232,49455,Spring,1970s
293,198,50237,Spring,1970s
299,216,36457,Spring,1970s
290,200,67643,Spring,1970s
295,214,62576,Spring,1970s
285,185,60253,Spring,1970s
317,223,47600,Spring,1970s
318,266,75761,Spring,1970s
341,282,86587,Spring,1970s
342,336,81456,Spring,1970s
337,273,61831,Spring,1970s
335,286,77194,Spring,1970s
334,285,71036,Spring,1970s
298,186,40375,Spring,1970s
331,275,56124,Spring,1970s
325,240,67131,Spring,1970s
335,285,41272,Spring,1970s
334,287,66335,Spring,1970s
336,246,60284,Spring,1970s
319,259,80003,Spring,1970s
321,262,69836,Spring,1970s
321,256,72335,Spring,1970s
343,299,81078,Spring,1970s
312,250,51381,Spring,1970s
341,338,72845,Spring,1970s
327,297,68453,Spring,1970s
322,241,58472,Spring,1970s
363,436,207370,Fall,1970s
338,301,126999,Fall,1970s
339,345,150340,Fall,1970s
361,381,167404,Fall,1970s
332,318,140765,Fall,1970s
333,339,127007,Fall,1970s
334,315,138943,Fall,1970s
316,276,95312,Fall,1970s
312,251,106789,Fall,1970s
320,285,114886,Fall,1970s
329,319,143716,Fall,1970s
316,272,111218,Fall,1970s
323,284,143043,Fall,1970s
355,392,179674,Fall,1970s
289,205,65059,Fall,1970s
338,306,170141,Fall,1970s
332,330,148484,Fall,1970s
312,242,83993,Fall,1970s
312,264,116870,Fall,1970s
358,404,182407,Fall,1970s
338,329,154860,Fall,1970s
343,360,173734,Fall,1970s
354,263,167657,Fall,1970s
348,352,151485,Fall,1970s
332,365,170806,Fall,1970s
348,403,202792,Fall,1970s
360,381,189062,Fall,1970s
351,372,158540,Fall,1970s
379,438,223168,Fall,1970s
356,376,151085,Fall,1970s
360,426,214005,Fall,1970s
342,356,143830,Fall,1970s
348,344,149088,Fall,1970s
312,229,93603,Fall,1970s
326,289,139181,Fall,1970s
359,437,191242,Fall,1970s
378,380,147339,Fall,1970s
325,324,118781,Fall,1970s
353,358,189942,Fall,1970s
347,349,165664,Fall,1970s
325,269,137589,Fall,1970s
362,408,199719,Fall,1970s
346,372,163250,Fall,1970s
352,369,191345,Fall,1970s
334,321,136711,Fall,1970s
323,309,154911,Fall,1970s
352,360,175887,Fall,1970s
325,259,187175,Fall,1970s
354,328,125405,Fall,1970s
341,346,163318,Fall,1970s
318,241,126365,Fall,1970s
338,273,103376,Fall,1970s
298,218,65341,Fall,1970s
379,372,200353,Fall,1970s
354,377,193513,Fall,1970s
332,287,115425,Fall,1970s
309,247,57744,Fall,1970s
332,303,57184,Fall,1970s
331,310,49036,Fall,1970s
328,274,66414,Fall,1970s
314,277,79929,Fall,1970s
325,302,126257,Fall,1970s
335,326,65504,Fall,1970s
316,235,48003,Fall,1970s
322,295,46701,Fall,1970s
298,330,139741,Fall,1970s
322,323,145121,Fall,1970s
325,348,176818,Fall,1970s
306,228,50639,Fall,1970s
344,348,172243,Fall,1970s
315,295,109786,Fall,1970s
350,339,71295,Fall,1970s
334,313,109919,Fall,1970s
345,373,169833,Fall,1970s
318,291,86177,Fall,1970s
363,468,191260,Fall,1970s
340,370,103405,Fall,1970s
340,358,206943,Fall,1970s
381,548,176685,Fall,1970s
342,382,165457,Fall,1970s
311,286,108704,Fall,1970s
319,322,148909,Fall,1970s
298,260,78671,Fall,1970s
325,335,186665,Fall,1970s
297,266,90046,Fall,1970s
327,329,151230,Fall,1970s
296,232,81523,Fall,1970s
383,502,188647,Fall,1970s
367,460,148496,Fall,1970s
330,305,88798,Fall,1970s
328,361,186248,Fall,1970s
361,456,206305,Fall,1970s
370,492,142779,Fall,1970s
315,275,123678,Fall,1970s
315,321,125107,Fall,1970s
304,277,122668,Fall,1970s
368,493,164390,Fall,1970s
327,342,107060,Fall,1970s
328,328,174661,Fall,1970s
358,469,179306,Fall,1970s
345,421,192081,Fall,1970s
346,371,183182,Fall,1970s
328,365,168212,Fall,1970s
381,551,202497,Fall,1970s
316,305,125100,Fall,1970s
310,294,136288,Fall,1970s
360,345,126794,Spring,1970s
367,338,178930,Spring,1970s
358,342,133736,Spring,1970s
356,323,145980,Spring,1970s
355,339,128244,Spring,1970s
343,342,104865,Spring,1970s
340,295,39656,Spring,1970s
355,350,118671,Spring,1970s
351,314,97774,Spring,1970s
372,381,125979,Spring,1970s
365,352,99712,Spring,1970s
338,275,150936,Spring,1970s
365,373,143966,Spring,1970s
354,331,120092,Spring,1970s
357,372,143371,Spring,1970s
285,156,44787,Spring,1970s
368,360,104414,Spring,1970s
342,331,102223,Spring,1970s
358,335,118188,Spring,1970s
341,310,108705,Spring,1970s
329,254,94907,Spring,1970s
350,325,105407,Spring,1970s
375,330,120027,Spring,1970s
356,322,169679,Spring,1970s
333,270,118222,Spring,1970s
316,237,76710,Spring,1970s
363,332,103515,Spring,1970s
352,275,124581,Spring,1970s
329,260,90929,Spring,1970s
355,357,79038,Spring,1970s
350,320,118013,Spring,1970s
329,259,57171,Spring,1970s
354,352,118632,Spring,1970s
362,330,112814,Spring,1970s
370,382,148361,Spring,1970s
358,339,139862,Spring,1970s
359,356,91066,Spring,1970s
345,312,108905,Spring,1970s
345,322,90764,Spring,1970s
350,295,96593,Spring,1970s
346,321,96930,Spring,1970s
353,300,96609,Spring,1970s
332,255,78126,Spring,1970s
366,360,44776,Spring,1970s
362,322,103721,Spring,1970s
347,320,114795,Spring,1970s
337,352,94819,Spring,1970s
358,377,77735,Spring,1970s
343,335,139460,Spring,1970s
363,418,167280,Spring,1970s
336,296,87914,Spring,1970s
325,275,120236,Fall,1970s
364,407,187758,Fall,1970s
370,425,201657,Fall,1970s
286,225,100690,Fall,1970s
304,234,77021,Fall,1970s
296,232,58484,Fall,1970s
335,369,164743,Fall,1970s
304,254,99823,Fall,1970s
310,246,76161,Fall,1970s
317,298,164939,Fall,1970s
296,246,95993,Fall,1970s
325,312,156956,Fall,1970s
335,366,154355,Fall,1970s
342,366,156390,Fall,1970s
331,345,154244,Fall,1970s
335,357,177377,Fall,1970s
329,335,143135,Fall,1970s
350,393,197522,Fall,1970s
322,328,171254,Fall,1970s
319,325,141196,Fall,1970s
312,230,82466,Spring,1970s
302,200,65808,Spring,1970s
328,324,142193,Fall,1970s
331,334,164606,Fall,1970s
343,348,226993,Fall,1970s
347,374,152477,Fall,1970s
299,225,66127,Fall,1970s
328,308,160647,Fall,1970s
299,198,59667,Spring,1970s
317,280,83879,Fall,1970s
299,227,71885,Fall,1970s
349,356,78059,Fall,1970s
314,281,90236,Fall,1970s
298,225,58991,Fall,1970s
297,222,85049,Fall,1970s
321,301,116707,Fall,1970s
337,369,145899,Fall,1970s
290,217,63516,Fall,1970s
315,285,89859,Fall,1970s
343,396,132338,Fall,1970s
324,303,99767,Fall,1970s
315,262,83922,Fall,1970s
303,230,79230,Fall,1970s
339,334,170385,Fall,1970s
302,237,67947,Fall,1970s
311,244,66239,Fall,1970s
340,308,159577,Fall,1970s
320,269,99714,Fall,1970s
317,274,72400,Fall,1970s
376,508,224608,Fall,1970s
361,433,190320,Fall,1970s
312,257,106628,Fall,1970s
345,303,151513,Fall,1970s
309,244,85574,Fall,1970s
326,319,119949,Fall,1970s
303,232,60903,Fall,1970s
310,255,100519,Fall,1970s
343,342,175621,Fall,1970s
330,309,92688,Fall,1970s
337,353,184202,Fall,1970s
329,310,152873,Fall,1970s
296,222,74970,Fall,1970s
302,214,65798,Fall,1970s
334,305,153221,Fall,1970s
301,224,60340,Fall,1970s
326,311,156851,Fall,1970s
290,207,53318,Fall,1970s
350,430,208007,Fall,1970s
375,475,254230,Fall,1970s
312,240,59542,Fall,1970s
313,249,61947,Fall,1970s
330,318,172190,Fall,1970s
269,130,28237,Spring,1970s
282,169,39362,Spring,1970s
283,156,33577,Spring,1970s
268,146,44559,Spring,1970s
346,294,107739,Spring,1970s
266,140,35873,Spring,1970s
259,126,34177,Spring,1970s
703,191,63956,Spring,1970s
290,187,60983,Spring,1970s
347,370,111672,Fall,1970s
311,231,65792,Fall,1970s
313,273,83428,Fall,1970s
345,333,109775,Fall,1970s
325,297,114672,Fall,1970s
350,325,129997,Fall,1970s
326,295,89077,Fall,1970s
296,207,60273,Fall,1970s
304,220,73109,Fall,1970s
322,286,91558,Fall,1970s
298,216,62928,Fall,1970s
316,367,87646,Fall,1970s
306,233,57228,Fall,1970s
317,280,83879,Fall,1970s
349,356,78059,Fall,1970s
314,281,90236,Fall,1970s
298,225,58991,Fall,1970s
297,222,85049,Fall,1970s
321,300,116707,Fall,1970s
337,369,145899,Fall,1970s
290,217,63516,Fall,1970s
315,285,89859,Fall,1970s
343,396,132338,Fall,1970s
324,303,99767,Fall,1970s
315,262,83922,Fall,1970s
303,230,79230,Fall,1970s
298,205,58646,Fall,1970s
313,225,68729,Fall,1970s
297,222,70713,Fall,1970s
293,196,49469,Fall,1970s
304,212,58422,Fall,1970s
297,209,60226,Fall,1970s
293,197,58734,Fall,1970s
320,274,99604,Fall,1970s
301,201,43684,Fall,1970s
300,205,55073,Fall,1970s
294,211,45651,Fall,1970s
304,233,71599,Fall,1970s
302,217,80746,Fall,1970s
295,214,68029,Fall,1970s
301,223,70375,Fall,1970s
330,309,101830,Fall,1970s
302,221,92160,Fall,1970s
339,334,170385,Fall,1970s
302,237,67947,Fall,1970s
311,244,66239,Fall,1970s
340,308,159577,Fall,1970s
320,269,99714,Fall,1970s
317,274,72400,Fall,1970s
376,508,224608,Fall,1970s
361,433,190320,Fall,1970s
312,257,106628,Fall,1970s
380,498,253123,Fall,1970s
351,370,202408,Fall,1970s
351,385,211176,Fall,1970s
333,349,170206,Fall,1970s
347,370,111672,Fall,1970s
311,231,65792,Fall,1970s
313,273,83428,Fall,1970s
345,333,109775,Fall,1970s
325,297,114672,Fall,1970s
350,325,129997,Fall,1970s
326,295,89077,Fall,1970s
296,207,60273,Fall,1970s
304,220,73109,Fall,1970s
322,286,91558,Fall,1970s
298,216,62928,Fall,1970s
316,367,87646,Fall,1970s
306,233,57228,Fall,1970s
270,161,34457,Spring,1970s
259,143,42904,Spring,1970s
281,180,37045,Spring,1970s
280,165,36759,Spring,1970s
250,125,32829,Spring,1970s
270,149,37844,Spring,1970s
275,170,46721,Spring,1970s
304,245,61398,Spring,1970s
284,178,52791,Spring,1970s
272,169,34776,Spring,1970s
248,117,19798,Spring,1970s
270,165,36368,Spring,1970s
254,117,22557,Spring,1970s
269,146,39283,Spring,1970s
256,137,31519,Spring,1970s
267,148,33073,Spring,1970s
252,128,25555,Spring,1970s
275,167,39332,Spring,1970s
270,158,33405,Spring,1970s
296,236,51650,Spring,1970s
275,160,34958,Spring,1970s
252,125,27182,Spring,1970s
265,145,31290,Spring,1970s
305,210,42191,Spring,1970s
270,163,44695,Spring,1970s
300,230,53708,Spring,1970s
272,155,33082,Spring,1970s
262,132,29883,Spring,1970s
272,160,34806,Spring,1970s
265,149,34011,Spring,1970s
262,149,39129,Spring,1970s
272,165,30560,Spring,1970s
250,127,41765,Spring,1970s
288,195,23577,Spring,1970s
307,235,41430,Spring,1970s
271,165,37226,Spring,1970s
342,324,153463,Fall,1970s
351,403,199134,Fall,1970s
368,492,285564,Fall,1970s
343,350,157257,Fall,1970s
368,440,81967,Fall,1970s
390,526,284014,Fall,1970s
323,271,175472,Fall,1970s
348,418,117773,Spring,1970s
330,349,103242,Spring,1970s
358,437,122219,Spring,1970s
347,396,136250,Spring,1970s
360,478,129258,Spring,1970s
358,474,128904,Spring,1970s
356,413,126952,Spring,1970s
342,333,161119,Spring,1970s
345,346,120672,Spring,1970s
366,406,169158,Spring,1970s
347,359,154924,Spring,1970s
340,314,154779,Spring,1970s
348,378,125851,Spring,1970s
351,405,146958,Spring,1970s
370,437,155610,Spring,1970s
357,427,154593,Spring,1970s
342,347,95201,Spring,1970s
361,396,122173,Spring,1970s
336,324,125670,Spring,1970s
349,382,147453,Spring,1970s
367,413,120639,Spring,1970s
356,417,152308,Spring,1970s
351,408,150963,Spring,1970s
360,440,153846,Spring,1970s
360,424,131408,Spring,1970s
365,409,153594,Spring,1970s
354,385,111899,Spring,1970s
333,316,115205,Spring,1970s
330,309,93565,Spring,1970s
352,418,143688,Spring,1970s
358,387,133382,Spring,1970s
353,436,136141,Spring,1970s
352,380,134622,Spring,1970s
350,424,154043,Spring,1970s
362,419,173530,Spring,1970s
327,329,104601,Spring,1970s
324,295,96984,Spring,1970s
327,332,101970,Spring,1970s
325,308,85519,Spring,1970s
347,374,121132,Spring,1970s
349,376,111580,Spring,1970s
355,445,29903,Spring,1970s
348,401,138230,Spring,1970s
358,421,128819,Spring,1970s
362,451,109373,Spring,1970s
334,347,86078,Spring,1970s
357,430,143640,Spring,1970s
346,377,113613,Spring,1970s
356,410,111281,Spring,1970s
357,448,157941,Spring,1970s
366,401,125021,Spring,1970s
353,410,116917,Spring,1970s
325,309,85541,Spring,1970s
321,286,99269,Spring,1970s
341,315,79395,Spring,1970s
360,429,109414,Spring,1970s
352,412,126629,Spring,1970s
351,368,104928,Spring,1970s
356,372,97662,Spring,1970s
350,373,141565,Spring,1970s
337,355,127973,Spring,1970s
338,363,118532,Spring,1970s
360,416,129469,Spring,1970s
335,323,89739,Spring,1970s
349,375,138976,Spring,1970s
328,326,128292,Spring,1970s
327,304,121260,Spring,1970s
325,301,108485,Spring,1970s
372,452,156253,Spring,1970s
340,328,118025,Spring,1970s
353,377,116911,Spring,1970s
355,375,107989,Spring,1970s
342,315,133297,Spring,1970s
357,391,104330,Spring,1970s
339,337,118561,Spring,1970s
342,341,106991,Spring,1970s
333,334,120635,Spring,1970s
350,373,146604,Spring,1970s
332,313,107546,Spring,1970s
358,403,130759,Spring,1970s
362,418,145517,Spring,1970s
328,318,102782,Spring,1970s
343,369,132394,Spring,1970s
366,437,130939,Spring,1970s
362,427,138279,Spring,1970s
341,359,126109,Spring,1970s
327,313,102769,Spring,1970s
321,257,96726,Fall,1970s
323,304,109292,Fall,1970s
363,427,148198,Fall,1970s
348,437,213886,Fall,1970s
351,468,164942,Fall,1970s
330,364,178515,Fall,1970s
312,295,106266,Fall,1970s
311,283,75603,Fall,1970s
323,325,98849,Fall,1970s
342,323,124872,Fall,1970s
372,466,151703,Fall,1970s
328,336,97736,Fall,1970s
323,322,114374,Fall,1970s
331,322,106868,Fall,1970s
331,372,176324,Fall,1970s
354,454,134822,Fall,1970s
352,447,123507,Fall,1970s
355,462,134245,Fall,1970s
324,333,78248,Fall,1970s
341,341,127846,Fall,1970s
351,413,129859,Fall,1970s
325,301,85955,Fall,1970s
300,353,113937,Fall,1970s
303,261,85062,Fall,1970s
340,347,146741,Fall,1970s
307,274,125678,Fall,1970s
331,308,119472,Fall,1970s
314,285,103130,Fall,1970s
342,362,145024,Fall,1970s
366,506,212596,Fall,1970s
331,370,140923,Fall,1970s
263,504,135688,Fall,1970s
355,353,201675,Fall,1970s
365,455,194702,Fall,1970s
339,389,112148,Fall,1970s
296,238,95771,Fall,1970s
336,360,123799,Fall,1970s
353,456,170697,Fall,1970s
334,425,179596,Fall,1970s
332,353,120110,Fall,1970s
296,237,66849,Fall,1970s
334,371,116611,Fall,1970s
318,318,121513,Fall,1970s
327,319,113832,Fall,1970s
326,329,139936,Fall,1970s
298,281,88593,Fall,1970s
326,350,119297,Fall,1970s
367,430,142401,Fall,1970s
355,447,162049,Fall,1970s
353,454,218952,Fall,1970s
331,373,145331,Fall,1970s
311,297,113928,Fall,1970s
344,402,80180,Fall,1970s
344,430,160550,Fall,1970s
347,439,123900,Fall,1970s
335,353,55210,Fall,1970s
309,295,87640,Fall,1970s
333,380,135633,Fall,1970s
363,477,46057,Fall,1970s
365,476,148804,Fall,1970s
372,489,156467,Fall,1970s
358,444,67586,Fall,1970s
324,314,94520,Fall,1970s
322,299,99488,Fall,1970s
352,400,137066,Fall,1970s
329,370,112121,Fall,1970s
346,361,126478,Fall,1970s
362,,110222,Fall,1970s
327,356,135446,Fall,1970s
387,605,61898,Fall,1970s
350,411,152936,Fall,1970s
337,393,126499,Fall,1970s
364,442,131053,Fall,1970s
357,414,147607,Fall,1970s
387,507,96303,Fall,1970s
349,412,131397,Fall,1970s
315,309,101106,Fall,1970s
318,294,93464,Fall,1970s
360,413,112355,Fall,1970s
335,385,135576,Fall,1970s
348,440,49690,Fall,1970s
361,495,98258,Fall,1970s
331,358,150448,Fall,1970s
334,346,110455,Fall,1970s
332,336,73314,Fall,1970s
346,423,91307,Fall,1970s
328,338,83384,Fall,1970s
345,411,76730,Fall,1970s
348,440,83541,Fall,1970s
344,440,127802,Fall,1970s
348,476,166932,Fall,1970s
337,341,94824,Fall,1970s
349,418,91337,Fall,1970s
354,433,62633,Fall,1970s
361,503,165802,Fall,1970s
388,501,131047,Fall,1970s
369,467,148590,Fall,1970s
326,362,115033,Fall,1970s
331,384,100756,Fall,1970s
306,300,71695,Fall,1970s
311,298,156019,Fall,1970s
333,347,133628,Fall,1970s
388,384,99824,Fall,1970s
374,483,71118,Fall,1970s
332,365,186914,Fall,1980s
328,334,153500,Fall,1980s
324,340,171578,Fall,1980s
312,279,110268,Fall,1980s
315,297,136483,Fall,1980s
341,421,201978,Fall,1980s
350,417,155143,Fall,1980s
345,398,177076,Fall,1980s
324,324,138206,Fall,1980s
314,308,138563,Fall,1980s
317,311,160344,Fall,1980s
325,352,115201,Fall,1980s
324,341,106658,Fall,1980s
345,394,105783,Fall,1980s
327,329,167630,Fall,1980s
325,327,162637,Fall,1980s
323,339,158960,Fall,1980s
304,223,68696,Spring,1980s
284,193,60351,Spring,1980s
298,221,80779,Spring,1980s
277,163,30066,Spring,1980s
308,232,85995,Spring,1980s
262,145,32995,Spring,1980s
273,150,44202,Spring,1980s
261,128,35711,Spring,1980s
270,179,46051,Spring,1980s
301,208,43837,Spring,1980s
292,209,70399,Spring,1980s
283,274,42842,Spring,1980s
302,230,76401,Spring,1980s
300,216,61621,Spring,1980s
308,240,68044,Spring,1980s
29,211,55628,Spring,1980s
287,225,59685,Spring,1980s
280,142,20522,Spring,1980s
300,196,49800,Spring,1980s
300,245,60503,Spring,1980s
299,237,68091,Spring,1980s
282,182,42998,Spring,1980s
271,156,45859,Spring,1980s
280,155,38446,Spring,1980s
297,172,25357,Spring,1980s
278,137,26837,Spring,1980s
289,222,67859,Spring,1980s
296,222,78950,Spring,1980s
304,237,74335,Spring,1980s
301,240,86554,Spring,1980s
302,208,69844,Spring,1980s
296,209,76652,Spring,1980s
291,219,72078,Spring,1980s
337,301,90460,Spring,1980s
306,244,86580,Spring,1980s
286,192,60290,Spring,1980s
274,160,47524,Spring,1980s
300,218,72625,Spring,1980s
296,221,66632,Spring,1980s
297,217,87805,Spring,1980s
315,303,101903,Spring,1980s
312,252,89725,Spring,1980s
279,199,72503,Spring,1980s
304,254,79192,Spring,1980s
306,247,72734,Spring,1980s
285,181,46735,Spring,1980s
292,242,73894,Spring,1980s
297,242,84304,Spring,1980s
306,203,29309,Spring,1980s
299,194,36301,Spring,1980s
297,227,61116,Spring,1980s
292,220,36667,Spring,1980s
314,261,57332,Spring,1980s
280,162,28577,Spring,1980s
279,188,43785,Spring,1980s
292,216,51960,Spring,1980s
292,191,37201,Spring,1980s
287,197,42135,Spring,1980s
297,216,104202,Spring,1980s
270,174,54583,Spring,1980s
298,200,57468,Spring,1980s
270,161,34668,Spring,1980s
299,213,71514,Spring,1980s
295,219,76393,Spring,1980s
271,162,44140,Spring,1980s
291,198,51896,Spring,1980s
288,244,77282,Spring,1980s
300,215,81942,Spring,1980s
296,210,48457,Spring,1980s
274,178,54485,Spring,1980s
293,226,85131,Fall,1980s
297,245,110702,Fall,1980s
314,336,154219,Fall,1980s
309,279,66931,Fall,1980s
301,277,102281,Fall,1980s
334,350,152295,Fall,1980s
319,358,161779,Fall,1980s
289,232,96110,Fall,1980s
315,298,106349,Fall,1980s
335,407,182058,Fall,1980s
347,369,117564,Fall,1980s
319,363,170805,Fall,1980s
327,347,188585,Fall,1980s
287,198,77110,Fall,1980s
332,385,182081,Fall,1980s
317,342,151235,Fall,1980s
314,307,97491,Fall,1980s
329,366,114007,Fall,1980s
329,327,79885,Fall,1980s
320,329,96766,Fall,1980s
331,382,192833,Fall,1980s
304,271,84670,Fall,1980s
314,348,177943,Fall,1980s
351,359,121313,Fall,1980s
313,256,92285,Spring,1980s
326,276,97225,Spring,1980s
271,151,32770,Spring,1980s
277,169,45533,Spring,1980s
282,178,64777,Spring,1980s
270,155,31291,Spring,1980s
361,476,99056,Fall,1980s
343,467,96943,Fall,1980s
330,345,189423,Fall,1980s
273,200,84574,Fall,1980s
311,279,117607,Fall,1980s
314,291,99528,Fall,1980s
278,218,87921,Fall,1980s
291,214,100575,Fall,1980s
290,229,80772,Fall,1980s
336,333,114270,Fall,1980s
313,284,108336,Fall,1980s
295,251,100494,Fall,1980s
304,251,107318,Fall,1980s
283,220,85504,Fall,1980s
323,299,171074,Fall,1980s
315,298,121674,Fall,1980s
317,294,156813,Fall,1980s
324,390,186956,Fall,1980s
307,309,117328,Fall,1980s
326,347,102892,Fall,1980s
331,297,62036,Spring,1980s
279,158,39539,Spring,1980s
351,425,150024,Fall,1980s
387,560,343706,Fall,1980s
362,500,262872,Fall,1980s
337,351,207951,Fall,1980s
316,280,128396,Fall,1980s
333,378,134311,Fall,1980s
337,433,260301,Fall,1980s
270,161,39268,Spring,1980s
359,488,117261,Fall,1980s
285,235,69532,Fall,1980s
388,487,139827,Fall,1980s
395,561,161018,Fall,1980s
327,329,69924,Fall,1980s
366,464,101613,Fall,1980s
344,359,87840,Fall,1980s
358,435,86053,Fall,1980s
342,356,139443,Fall,1980s
285,215,65001,Fall,1980s
295,234,96832,Fall,1980s
314,302,121370,Fall,1980s
307,279,118118,Fall,1980s
328,377,154608,Fall,1980s
369,462,96818,Fall,1980s
362,537,79350,Fall,1980s
339,401,114796,Fall,1980s
327,369,60417,Fall,1980s
321,320,79510,Fall,1980s
306,264,134085,Fall,1980s
349,416,123861,Fall,1980s
407,598,115629,Fall,1980s
357,364,72707,Fall,1980s
294,249,63169,Fall,1980s
353,412,108892,Fall,1980s
352,468,83559,Fall,1980s
318,313,134539,Fall,1980s
347,439,130520,Fall,1980s
321,330,157170,Fall,1980s
315,322,115241,Fall,1980s
355,447,250834,Fall,1980s
333,390,181038,Fall,1980s
319,356,186530,Fall,1980s
347,406,218807,Fall,1980s
340,439,251296,Fall,1980s
327,369,170162,Fall,1980s
328,374,202506,Fall,1980s
326,324,173470,Fall,1980s
335,389,152962,Fall,1980s
318,295,168226,Fall,1980s
330,388,193084,Fall,1980s
394,566,202901,Fall,1980s
342,391,134213,Fall,1980s
296,269,123398,Fall,1980s
342,369,82856,Fall,1980s
337,298,101245,Spring,1980s
323,312,96889,Spring,1980s
343,411,187262,Spring,1980s
340,379,127868,Spring,1980s
345,367,153260,Spring,1980s
345,390,164959,Spring,1980s
297,232,91798,Spring,1980s
305,248,109185,Spring,1980s
317,296,144996,Spring,1980s
301,265,117992,Spring,1980s
347,418,148325,Fall,1980s
850,920,231084,Fall,1980s
319,257,111894,Fall,1980s
348,420,161883,Fall,1980s
308,225,99399,Fall,1980s
331,363,120572,Fall,1980s
352,414,175468,Fall,1980s
348,387,180899,Fall,1980s
305,254,100966,Spring,1980s
315,239,85267,Spring,1980s
284,184,32146,Spring,1980s
284,184,66581,Spring,1980s
303,221,75414,Spring,1980s
271,168,45171,Spring,1980s
326,362,139367,Fall,1980s
332,362,207942,Fall,1980s
322,306,149321,Fall,1980s
300,256,124494,Fall,1980s
288,227,90848,Fall,1980s
315,349,210577,Fall,1980s
335,335,124663,Fall,1980s
294,241,88586,Fall,1980s
304,233,72254,Spring,1980s
312,344,170872,Fall,1980s
303,246,113833,Spring,1980s
278,186,46726,Spring,1980s
257,132,39119,Spring,1980s
169,169,52603,Spring,1980s
270,161,42051,Spring,1980s
293,129,56264,Spring,1980s
255,121,40307,Spring,1980s
280,184,53212,Spring,1980s
275,174,45764,Spring,1980s
261,137,38958,Spring,1980s
316,272,83201,Spring,1980s
272,153,40247,Spring,1980s
326,362,184023,Fall,1980s
331,345,180543,Fall,1980s
284,189,46795,Spring,1980s
,,104738,Spring,1980s
,,68021,Spring,1980s
,,48994,Spring,1980s
,,104907,Spring,1980s
,,98962,Spring,1980s
,,91178,Spring,1980s
,,73159,Spring,1980s
,,35419,Spring,1980s
,,53561,Spring,1980s
,,89864,Fall,1980s
,,61431,Fall,1980s
290,211,63020,Fall,1980s
303,260,96630,Fall,1980s
336,324,154391,Fall,1980s
325,291,164162,Fall,1980s
,,63442,Spring,1980s
,,110740,Spring,1980s
,,90752,Spring,1980s
,,134476,Spring,1980s
,,126621,Spring,1980s
,,69264,Spring,1980s
,,51799,Spring,1980s
,,81027,Spring,1980s
,,101715,Spring,1980s
,,132309,Spring,1980s
,,115502,Spring,1980s
,,105020,Spring,1980s
,,85908,Spring,1980s
,,141386,Spring,1980s
,,213005,Fall,1980s
,,193131,Fall,1980s
,,208303,Fall,1980s
,,202680,Fall,1980s
,,36055,Fall,1980s
,,157124,Fall,1980s
,,107177,Fall,1980s
,,154777,Fall,1980s
,,154346,Fall,1980s
,,167366,Fall,1980s
,,93903,Fall,1980s
,,174070,Fall,1980s
,,197968,Fall,1980s
307,242,89496,Fall,1980s
298,212,71638,Fall,1980s
292,218,62301,Fall,1980s
306,262,79588,Fall,1980s
291,187,76008,Fall,1980s
313,274,89597,Fall,1980s
308,256,91874,Fall,1980s
325,287,132767,Fall,1980s
298,246,87437,Fall,1980s
307,244,101799,Fall,1980s
297,235,98857,Fall,1980s
314,256,116263,Fall,1980s
301,237,79942,Fall,1980s
303,247,94193,Fall,1980s
286,210,66583,Fall,1980s
343,371,186589,Fall,1980s
335,337,151728,Fall,1980s
291,240,75029,Fall,1980s
297,217,60821,Fall,1980s
331,315,64053,Fall,1980s
350,375,196993,Fall,1980s
303,252,104971,Fall,1980s
298,212,75498,Fall,1980s
301,237,85063,Fall,1980s
298,240,73174,Fall,1980s
310,279,89122,Fall,1980s
328,332,140533,Fall,1980s
285,200,68799,Fall,1980s
297,220,95585,Fall,1980s
295,231,75671,Fall,1980s
329,336,104107,Fall,1980s
315,275,111004,Fall,1980s
320,262,92032,Fall,1980s
324,280,106124,Fall,1980s
,,73684,Spring,1980s
308,273,68056,Spring,1980s
288,197,52321,Spring,1980s
286,187,49579,Spring,1980s
298,213,51542,Spring,1980s
334,304,117249,Spring,1980s
297,196,56167,Spring,1980s
304,200,62543,Spring,1980s
276,174,47218,Spring,1980s
,,94677,Spring,1980s
,,61581,Spring,1980s
,,68303,Spring,1980s
333,416,227251,Fall,1980s
320,324,124320,Fall,1980s
319,344,136800,Fall,1980s
304,294,114831,Fall,1980s
312,297,145781,Fall,1980s
337,394,235376,Fall,1980s
305,303,130767,Fall,1980s
301,297,83205,Fall,1980s
316,331,105368,Fall,1980s
312,333,107990,Fall,1980s
320,328,123298,Fall,1980s
314,322,91772,Fall,1980s
314,307,165019,Fall,1980s
313,301,161835,Fall,1980s
317,319,151603,Fall,1980s
318,311,125789,Fall,1980s
,,114867,Spring,1980s
,,57075,Spring,1980s
,,64754,Spring,1980s
,,54686,Spring,1980s
,,28616,Spring,1980s
,,89993,Spring,1980s
,,57251,Spring,1980s
,,107661,Spring,1980s
,,88878,Spring,1980s
,,96598,Spring,1980s
,,78450,Spring,1980s
,,65078,Spring,1980s
,,46064,Spring,1980s
,,91842,Spring,1980s
,,107959,Spring,1980s
,,162344,Fall,1980s
,,231272,Fall,1980s
,,60488,Fall,1980s
,,77009,Fall,1980s
,,68253,Fall,1980s
,,198633,Fall,1980s
,,206960,Fall,1980s
,,168713,Fall,1980s
,,231458,Fall,1980s
,,284601,Fall,1980s
,,158035,Fall,1980s
,,193193,Fall,1980s
,,85027,Fall,1980s
,,232973,Fall,1980s
,,131748,Fall,1980s
