26,4,1977,431000,2,355,339,,,,132568
3,4,1969,436001,64,334,298,5,8,,93101
3,4,1969,436001,67,344,313,5,9,,102368
3,4,1969,436001,71,320,225,5,7,,63728
3,4,1969,436001,75,305,233,5,5,,71190
3,4,1969,436001,93,266,145,5,,,22577
3,4,1969,436001,96,281,172,5,,,45294
3,4,1969,436001,100,297,197,5,,,61182
30,4,1970,431007,1,318,283,5,,80.6,87421
30,4,1970,431007,2,318,251,5,,56.9,92521
30,4,1970,431007,6,312,253,5,,71,71594
30,4,1970,431007,8,347,300,5,,65.8,96099
30,4,1970,431007,11,336,287,5,,52.2,92266
30,4,1970,431007,13,342,354,5,,93.4,96405
30,4,1970,431007,14,336,318,5,,69.1,100974
30,4,1970,431007,15,316,256,5,,64.7,90526
30,4,1970,431007,16,315,258,5,,63.8,80943
30,4,1970,431007,17,331,257,5,,44.8,68988
30,4,1970,431007,18,355,317,5,,83.5,100374
30,4,1970,431007,19,321,366,5,,68,81829
30,4,1970,431007,21,322,270,5,,56.1,83483
30,4,1970,431007,22,330,258,5,,42.2,48083
30,4,1970,431007,24,312,233,5,,47.3,57715
30,4,1970,431007,25,326,267,5,,61.4,75928
30,4,1970,431007,28,311,238,5,,53.2,73371
30,4,1970,431007,29,313,252,5,,50.1,68145
30,4,1970,431007,30,338,290,5,,72.1,105424
30,4,1970,431007,31,323,260,5,,60.5,89769
30,4,1970,431007,32,329,293,5,,62.6,81611
30,4,1970,431007,36,327,286,5,,74.2,76030
30,4,1970,431007,43,332,246,5,,49.9,47592
30,4,1970,431007,46,337,298,5,,72.7,77871
30,4,1970,431007,47,320,260,5,,58.9,79723
8,5,1970,431009,4,319,268,5,7,68,66954
8,5,1970,431009,12,320,266,6,6,57.6,72048
8,5,1970,431009,15,287,188,5,4,37.1,34648
8,5,1970,431009,16,333,292,5,9,76.3,81617
8,5,1970,431009,23,318,227,6,6,51.5,54936
8,5,1970,431009,24,297,207,5,5,51.2,48969
8,5,1970,431009,32,313,239,5,7,44.3,31767
8,5,1970,431009,33,323,261,5,8,59.1,67373
8,5,1970,431009,46,315,240,5,7,56.4,55638
8,5,1970,431009,49,301,214,5,5,44.5,54521
8,5,1970,431009,127,332,299,5,9,84.3,75811
8,5,1970,431009,133,315,257,5,9,52.3,28157
8,5,1970,431009,135,316,242,5,9,51.3,45564
8,5,1970,431009,146,350,309,5,6,55.4,38071
8,5,1970,431009,158,259,138,4,3,17.5,23478
8,5,1970,431009,163,297,217,5,5,42.3,53538
8,5,1970,431009,164,328,263,5,9,52.9,56566
8,5,1970,431009,166,262,120,5,3,16.9,27303
8,5,1970,431009,167,293,182,5,4,26.1,36142
8,5,1970,431009,170,336,274,5,9,45.3,42799
8,5,1970,431009,175,313,244,5,5,48.4,74404
8,5,1970,431009,176,347,290,5,9,53.8,55818
8,5,1970,431009,182,332,269,5,10,67.9,62228
8,5,1970,431009,186,275,154,4,5,18.4,27056
8,5,1970,431009,189,306,234,5,5,46.5,40132
8,5,1970,431009,190,305,223,5,5,35.7,39835
8,5,1970,431009,193,346,326,5,10,85.2,62524
8,5,1970,431009,196,285,167,4,5,27.1,26829
8,5,1970,431009,197,318,280,5,7,40.9,25474
8,5,1970,431009,198,322,263,5,6,52.6,46681
11,9,1970,432001,4,322,360,5,,54.4,93520
11,9,1970,432001,13,352,391,5,,88.2,109828
11,9,1970,432001,27,347,342,5,,30.2,96198
11,9,1970,432001,42,322,306,5,,29.8,105448
11,9,1970,432001,55,357,407,5,,94.6,136744
11,9,1970,432001,62,363,397,5,,86.5,133792
27,4,1970,433008,2,290,197,4,5,39.5,48089
27,4,1970,433008,9,300,216,5,5,,36158
27,4,1970,433008,11,278,162,4,4,21,26088
27,4,1970,433008,13,290,191,4,5,37.5,47583
27,4,1970,433008,14,286,176,4,5,29,39912
27,4,1970,433008,28,314,242,4,7,51.5,49451
27,4,1970,433008,38,291,167,4,4,32.2,42209
27,4,1970,433008,39,301,221,5,5,47.5,51881
27,4,1970,433008,40,282,168,4,5,26.8,30370
27,4,1970,433008,43,295,218,4,5,41.3,41796
27,4,1970,433008,44,306,224,4,5,37.7,50679
27,4,1970,433008,51,301,208,5,5,44.4,55102
27,4,1970,433008,53,283,165,4,5,29.3,50335
27,4,1970,433008,54,278,155,4,5,29.3,23620
27,4,1970,433008,59,306,216,5,5,54,75509
27,4,1970,433008,68,287,191,4,5,41,46852
27,4,1970,433008,71,312,219,4,5,32.8,64720
27,4,1970,433008,72,291,182,4,5,18.6,15229
27,4,1970,433008,83,290,174,4,4,28.1,42548
27,4,1970,433008,97,287,174,4,5,26.1,31627
27,4,1970,433008,98,288,171,4,5,30.2,35453
27,4,1970,433008,100,305,232,4,5,56.4,57435
27,4,1970,433008,101,296,204,4,5,32.7,33209
27,4,1970,433008,106,269,147,4,4,19,19594
27,4,1970,433008,107,285,190,4,5,32.9,34370
27,1,1970,433008,109,300,213,4,6,29.1,27961
10,9,1970,434004,1,,,,,73.3,86629
10,9,1970,434004,3,347,336,4,,74.3,88016
10,9,1970,434004,5,298,237,4,,41.2,81088
10,9,1970,434004,7,320,305,5,,58.7,138310
10,9,1970,434004,8,322,310,5,,84.7,92144
10,9,1970,434004,12,325,326,5,,88.4,94292
10,9,1970,434004,13,346,333,5,,63.4,181610
10,9,1970,434004,18,337,303,5,,61.1,156668
10,9,1970,434004,19,312,270,4,,53.5,91289
10,9,1970,434004,22,315,253,4,,52.5,110024
10,9,1970,434004,23,323,276,4,,57.2,115549
10,9,1970,434004,25,297,209,4,,27.2,74469
10,9,1970,434004,27,320,272,5,,59,126846
10,9,1970,434004,28,320,285,5,,52.1,108262
10,9,1970,436001,7,318,240,5,,41.8,57750
10,9,1970,436001,12,345,343,5,,92.4,104576
10,9,1970,436001,17,373,460,5,,132,62457
10,9,1970,436001,30,365,420,5,,115,136481
10,9,1970,436001,43,326,297,5,,68.6,90678
10,9,1970,436001,46,311,224,5,,30.4,45021
10,9,1970,436001,47,312,237,5,,42.6,67653
10,9,1970,436001,51,359,290,5,,46.5,64936
10,9,1970,436001,57,322,314,5,,51.2,86740
10,9,1970,436001,60,322,314,5,,72.9,106517
10,9,1970,436001,64,354,349,5,,79.4,120012
10,9,1970,436001,66,312,277,5,,62.9,80464
10,9,1970,436001,84,348,346,5,,71.5,122079
10,9,1970,436001,86,312,277,5,,64.3,97790
10,9,1970,436001,95,314,271,5,,63.3,77939
10,9,1970,436001,99,314,256,5,,50,63429
1,5,1970,436003,2,284,169,4,5,30.4,33727
1,5,1970,436003,15,296,200,5,5,34.5,47329
1,5,1970,436003,29,301,204,5,5,30.1,30924
1,5,1970,436003,37,287,171,4,4,13,12227
1,5,1970,436003,40,294,183,4,5,26.2,23543
1,5,1970,436003,45,315,266,5,6,59.2,43279
1,5,1970,436003,62,289,166,4,5,21.4,20196
1,5,1970,436003,92,294,166,4,5,14.9,13553
1,5,1970,436003,146,328,252,4,8,35.7,36838
1,5,1970,436003,189,327,275,4,9,43.4,37767
14,8,1970,437001,3,320,293,5,,48.2,130268
14,8,1970,437001,4,354,397,5,,77.2,112724
14,8,1970,437001,11,348,359,5,,51.7,132920
28,8,1970,437002,4,344,341,5,,59.2,67386
28,8,1970,437002,16,329,321,5,,61.9,63194
28,8,1970,437002,17,338,334,5,,63.7,67243
28,8,1970,437002,18,325,305,5,,61.7,70298
28,8,1970,437002,19,335,294,5,,50.3,71369
28,8,1970,437002,27,350,323,5,,55.3,86053
28,8,1970,437002,29,351,291,5,,50.8,36772
28,8,1970,437002,32,355,280,5,,37,22393
28,8,1970,437002,33,375,472,5,,83.9,85872
28,8,1970,437002,35,359,349,5,,56.2,86621
28,8,1970,437002,37,304,240,5,,43,64895
28,8,1970,437002,38,327,322,5,,75.3,62601
28,8,1970,437002,41,343,334,5,,74.5,69766
28,8,1970,437002,46,346,353,5,,71.9,96246
28,8,1970,437002,50,317,256,5,,47.8,73948
28,8,1970,437002,53,350,350,5,,61.8,79897
28,8,1970,437002,58,327,341,5,,91.3,54738
28,8,1970,437002,59,348,331,5,,54.6,80722
28,8,1970,437002,65,352,328,5,,59.5,95059
28,8,1970,437002,67,320,246,5,,35.9,50494
28,8,1970,437002,68,316,282,5,,55.3,70858
28,8,1970,437002,72,355,365,5,,77.3,111928
28,8,1970,437002,74,366,351,5,,54.6,94433
28,8,1970,437002,76,336,344,5,,88.6,51037
28,8,1970,437002,78,353,441,5,,106,109024
28,8,1970,437002,80,337,331,5,,68.9,93839
28,8,1970,437002,81,311,244,5,,40,61195
28,8,1970,437002,83,363,352,5,,53,67777
28,8,1970,437002,84,352,314,5,,44.6,57516
28,8,1970,437002,86,296,216,5,,89.7,81541
28,8,1970,437002,88,352,343,5,,36.7,43114
28,8,1970,437002,92,300,204,5,,27.9,36963
28,8,1970,437002,93,305,210,5,,39.4,60841
28,8,1970,437002,94,311,282,5,,60.6,41160
28,8,1970,437002,95,325,328,5,,82.6,68783
28,8,1970,437002,96,363,367,5,,68.6,54857
28,8,1970,437002,98,333,328,5,,89.7,125249
3,9,1970,437003,36,367,348,5,,68.4,132405
3,9,1970,437003,39,342,344,5,,62.2,75800
3,9,1970,437003,48,311,232,5,,46.5,78924
3,9,1970,437003,52,355,418,5,,104,117100
3,9,1970,437003,60,332,354,5,,95.6,44644
3,9,1970,437003,74,337,322,5,,73.6,99192
3,9,1970,437003,83,340,311,5,,77.4,140614
3,9,1970,437003,100,297,208,5,,31.2,42498
15,9,1970,437004,9,360,373,5,,85.3,78108
15,9,1970,437004,12,327,253,5,,35.7,70646
15,9,1970,437004,16,310,255,5,,48.2,69345
15,9,1970,437004,17,318,268,5,,62.2,70907
15,9,1970,437004,21,346,230,5,,73.2,51130
15,9,1970,437004,22,336,290,5,,47.2,83181
15,9,1970,437004,40,318,276,5,,64.4,42372
15,9,1970,437004,41,304,244,5,,58.8,67225
15,9,1970,437004,42,285,202,5,,31.2,47663
15,9,1970,437004,62,353,340,5,,72.8,93446
15,9,1970,437004,65,328,257,5,,46.9,71522
15,9,1970,437004,66,309,240,5,,39.8,64050
15,9,1970,437004,71,342,285,5,,62.2,73939
15,9,1970,437004,72,305,212,5,,37.8,76120
15,9,1970,437004,73,317,276,5,,56.4,74749
15,9,1970,437004,78,307,227,5,,51.2,72056
15,9,1970,437004,81,345,319,5,,63.9,59917
15,9,1970,437004,91,317,245,5,,29.3,58943
15,9,1970,437004,93,321,292,5,,67.4,100121
20,5,1970,437005,4,294,173,5,5,22.2,30805
20,5,1970,437005,18,289,176,5,5,37.4,52434
20,5,1970,437005,23,335,328,5,9,69.3,88802
20,5,1970,437005,30,277,166,5,4,33.2,40846
20,5,1970,437005,42,321,269,5,8,60.6,87918
20,5,1970,437005,43,299,197,5,6,32.6,43939
20,5,1970,437005,52,315,226,5,7,42.5,45080
20,5,1970,437005,57,323,270,5,8,,61054
20,5,1970,437005,71,324,253,5,8,40.6,54738
20,5,1970,437005,74,274,164,5,4,23.5,38214
13,7,1970,438001,3,353,460,5,10,59.2,225398
13,7,1970,438001,6,339,364,4,10,32,204824
13,7,1970,438001,15,328,326,4,6,31.4,167831
13,7,1970,438001,16,332,342,4,6,37.3,144525
13,7,1970,438001,17,317,301,4,9,25.4,120055
13,7,1970,438001,25,338,349,4,9,21.5,170427
13,7,1970,438001,31,324,297,4,9,23.6,161245
13,7,1970,438001,33,348,386,4,9,31.9,197030
13,7,1970,438001,44,328,348,4,9,43.6,139308
13,7,1970,438001,45,331,332,4,6,29.4,187106
13,7,1970,438001,63,356,377,4,11,38.9,208261
13,7,1970,438001,83,316,277,,,22.3,104600
13,7,1970,438001,85,331,291,4,,31.7,89884
15,7,1970,438002,1,319,271,4,,26.7,158407
15,7,1970,438002,4,328,311,4,,28.2,113792
15,7,1970,438002,8,323,303,4,,51.8,117786
15,7,1970,438002,18,308,247,4,,17,92349
15,7,1970,438002,20,354,360,4,,35.7,119097
15,7,1970,438002,22,299,241,4,,21.8,92331
15,7,1970,438002,27,326,336,4,,31.1,137019
15,7,1970,438002,29,318,275,4,,22.1,114783
15,7,1970,438002,33,328,329,4,,33.7,159640
15,7,1970,438002,36,324,276,4,,26.2,108223
15,7,1970,438002,37,337,307,4,,18.6,73369
15,7,1970,438002,43,312,258,4,,23.8,115940
15,7,1970,438002,47,304,251,4,,22.5,84960
15,7,1970,438002,56,346,371,4,,32,189003
15,7,1970,438002,57,349,394,4,,53.1,158113
15,7,1970,438002,59,314,263,4,,31.1,89300
15,7,1970,438002,64,307,234,4,,12.4,55518
15,7,1970,438002,69,339,351,4,,37.5,180489
15,7,1970,438002,70,313,280,4,,21.1,124571
15,7,1970,438002,74,354,393,4,,36.3,137743
15,7,1970,438002,75,346,345,4,,23.9,114028
15,7,1970,438002,81,314,287,4,,33.2,48308
15,7,1970,438002,87,346,386,5,,76.2,60560
15,7,1970,438002,89,332,269,4,,41.5,123945
15,7,1970,438002,93,339,354,4,,46.6,167898
15,7,1970,438002,96,307,246,4,,17.7,78286
15,7,1970,438002,97,312,259,4,,28.9,89414
15,7,1970,438002,98,327,340,4,,32.4,113475
20,8,1970,438004,4,348,342,5,,56.4,87770
20,8,1970,438004,6,354,336,5,,67.2,93421
20,8,1970,438004,8,293,222,5,,44,70185
20,8,1970,438004,10,340,372,5,,89.3,142729
20,8,1970,438004,13,318,288,5,,32.4,46249
20,8,1970,438004,25,340,366,5,,38.2,49825
20,8,1970,438004,27,323,254,5,,54.3,40433
20,8,1970,438004,29,310,249,5,,92.1,87426
20,8,1970,438004,31,334,318,5,,73.2,115628
20,8,1970,438004,32,347,343,5,,78.1,95318
20,8,1970,438004,36,290,205,5,,58.9,94780
20,8,1970,438004,42,302,247,5,,49.8,75458
20,8,1970,438004,49,,,,,76.5,138328
20,8,1970,438004,52,346,329,6,,45.8,67666
20,8,1970,438004,58,330,351,5,,98.7,182898
20,8,1970,438004,59,337,335,5,,65.7,40418
20,8,1970,438004,67,317,266,5,,58.6,68940
20,8,1970,438004,82,348,329,5,,69.6,113264
20,8,1970,438004,83,280,189,5,,31.6,106372
20,8,1970,438004,86,327,268,5,,38.7,58081
20,8,1970,438004,89,307,243,5,,40.2,55227
20,8,1970,438004,91,305,221,5,,34.6,46978
27,8,1970,438005,10,333,323,5,,51.7,66965
27,8,1970,438005,27,356,332,5,,73.4,92671
27,8,1970,438005,37,357,348,5,,83.3,138363
27,8,1970,438005,50,327,295,5,,61.9,100628
27,8,1970,438005,61,360,333,5,,52,76816
27,8,1970,438005,73,318,268,5,,53,66081
27,8,1970,438005,76,307,233,5,,45.3,54110
27,8,1970,438005,81,350,332,5,,71.3,66151
27,8,1970,438005,84,320,249,5,,47.3,72100
27,8,1970,438005,85,329,283,5,,50.5,68515
27,8,1970,438005,88,322,244,5,,41.5,50142
27,8,1970,438005,94,308,282,5,,51.8,85980
14,9,1970,438011,5,320,282,5,,60.9,68558
14,9,1970,438011,14,330,252,5,,52.8,73430
14,9,1970,438011,16,352,361,5,,54.8,78310
14,9,1970,438011,25,317,283,5,,37.1,49750
14,9,1970,438011,27,337,271,5,,48.5,62367
14,9,1970,438011,31,310,237,5,,37.7,64913
14,9,1970,438011,35,326,287,5,,46.9,74898
14,9,1970,438011,40,356,327,5,,53.5,68272
14,9,1970,438011,43,312,223,5,,50.3,65718
14,9,1970,438011,46,359,372,5,,42.7,60226
14,9,1970,438011,47,320,261,5,,51.3,74372
14,9,1970,438011,50,315,267,5,,43.8,55445
14,9,1970,438011,52,355,323,5,,42.6,46479
14,9,1970,438011,54,332,302,5,,53.8,27998
14,9,1970,438011,55,331,275,5,,63.7,95847
14,9,1970,438011,58,337,365,5,,77.1,99792
14,9,1970,438011,59,332,291,5,,43.4,61759
14,9,1970,438011,60,354,349,5,,55.4,73864
14,9,1970,438011,65,345,325,5,,70.3,81214
14,9,1970,438011,68,342,333,5,,85.3,81763
14,9,1970,438011,70,340,320,5,,79.4,60094
14,9,1970,438011,73,304,230,5,,33.2,27792
14,5,1970,470010,48,309,235,4,6,,80556
14,5,1970,470010,69,277,165,5,5,47.3,50917
14,5,1970,470010,85,268,136,6,4,,62450
14,5,1970,470010,86,298,205,4,5,14.8,22669
14,5,1970,470010,90,287,189,4,5,37.4,49137
14,5,1970,470010,92,275,164,4,4,20.4,35424
14,5,1970,470010,94,319,260,5,5,56.2,38855
30,7,1970,470012,3,354,385,4,,36.7,165236
30,7,1970,470012,5,359,448,4,,68.3,121098
30,7,1970,470012,12,363,406,5,,41.5,180425
30,7,1970,470012,16,350,391,4,,41.6,168874
30,7,1970,470012,21,364,448,4,,49.5,216152
30,7,1970,470012,27,331,327,4,,42.2,166550
30,7,1970,470012,28,377,495,4,,49.7,196286
30,7,1970,470012,29,363,436,4,,41.1,210537
30,7,1970,470012,36,308,256,4,,37.7,138290
30,7,1970,470012,38,349,404,4,,55.6,289238
30,7,1970,470012,41,346,395,4,,55.6,171045
30,7,1970,470012,43,353,418,5,,73.4,156964
30,7,1970,470012,46,382,526,5,,71.8,112990
30,7,1970,470012,49,318,312,4,,27.4,102197
30,7,1970,470012,51,309,262,4,,23.8,141623
30,7,1970,470012,52,355,484,4,,84.4,188165
30,7,1970,470012,57,359,472,4,,64.8,108558
30,7,1970,470012,58,327,337,4,,42.4,177285
30,7,1970,470012,59,344,385,5,,65.3,200280
30,7,1970,470012,62,341,389,4,,41.1,148011
30,7,1970,470012,66,307,241,4,,15.5,59563
30,7,1970,470012,67,352,423,4,,46.6,187291
30,7,1970,470012,76,358,460,4,,23.4,149142
30,7,1970,470012,79,309,266,4,,25.1,104895
30,7,1970,470012,81,354,422,5,,32,110229
30,7,1970,470012,153,361,491,4,,31.9,248169
30,7,1970,470012,160,348,398,4,,39.1,200812
30,7,1970,470012,161,316,306,4,,48.4,141114
30,7,1970,470012,162,355,339,4,,19.6,129968
30,7,1970,470012,163,281,221,4,,11.7,184728
30,7,1970,470012,167,354,399,4,,43.2,245358
30,7,1970,470012,168,353,400,4,,56.7,214079
30,7,1970,470012,176,354,441,5,,86.9,154001
30,7,1970,470012,177,357,400,4,,37.1,200286
30,7,1970,470012,185,351,413,4,,57.2,172538
13,4,1971,431001,65,325,259,4,7,45.9,82687
13,4,1971,431001,72,311,231,4,6,36.4,88371
13,4,1971,431001,104,296,233,5,5,44.1,77067
13,4,1971,431001,106,313,254,5,6,49.8,87402
13,4,1971,431001,107,299,220,5,5,31.9,55188
13,4,1971,431001,108,292,193,5,5,38.9,60629
13,4,1971,431001,114,297,202,5,5,32.4,59290
13,4,1971,431001,118,304,211,5,5,32.8,66696
13,4,1971,431001,123,301,167,5,5,35.8,73487
29,5,1971,433001,5,310,241,5,6,46.6,109241
29,5,1971,433001,12,303,216,5,5,40.8,46247
29,5,1971,433001,14,293,204,5,5,39.9,63903
29,5,1971,433001,25,296,198,5,5,35.5,40122
29,5,1971,433001,33,295,189,5,4,34.4,53337
29,5,1971,433001,35,319,273,5,6,48.4,86075
29,5,1971,433001,45,302,207,5,5,30.5,63619
29,5,1971,433001,74,295,204,5,4,32.5,59965
29,5,1971,433001,84,304,214,5,5,34.8,84689
29,5,1971,433001,95,318,260,5,,46.7,53543
29,5,1971,433001,105,321,280,5,,66.8,89364
29,5,1971,433001,115,311,259,5,6,48.7,66609
29,5,1971,433001,131,318,252,5,6,49,90921
29,5,1971,433001,133,302,212,5,5,36.2,82559
29,5,1971,433001,135,321,266,5,7,50.9,55569
29,5,1971,433001,144,302,217,5,5,43.6,56924
29,5,1971,433001,145,309,238,5,5,50.7,56292
29,5,1971,433001,175,329,296,5,7,50.6,77762
29,5,1971,433001,185,314,275,5,5,58.1,109797
29,5,1971,433001,188,283,173,5,5,34.4,51531
29,5,1971,433001,192,312,247,5,6,33.5,67255
29,5,1971,433001,193,307,223,5,5,40.1,46553
29,5,1971,433001,195,318,260,5,6,46.7,55771
15,4,1971,436001,1,284,191,5,5,38.2,65012
15,4,1971,436001,3,310,237,5,5,48.4,82271
15,4,1971,436001,8,308,238,5,5,43.7,75329
15,4,1971,436001,11,300,219,5,5,40.2,77004
15,4,1971,436001,12,309,251,5,6,50.6,84703
15,4,1971,436001,19,310,249,5,5,56,75911
15,4,1971,436001,20,318,266,5,6,49.8,84203
15,4,1971,436001,24,279,178,5,4,36.8,54473
15,4,1971,436001,28,295,219,5,5,39.1,72179
15,4,1971,436001,32,320,240,5,6,48.5,77166
15,4,1971,436001,36,303,217,5,5,41.4,79565
15,4,1971,436001,44,295,211,5,5,31,60235
15,4,1971,436001,45,302,226,5,5,39.7,66001
15,4,1971,436001,47,294,201,5,4,37.5,68326
15,4,1971,436001,51,289,196,5,5,36.6,54571
15,4,1971,436001,58,286,196,5,5,36.1,52498
15,4,1971,436001,63,285,195,5,5,35.8,49715
15,4,1971,436001,82,302,227,5,5,42,81868
15,4,1971,436001,90,295,211,5,5,46.1,64875
15,4,1971,436001,96,294,207,5,5,31.9,62188
23,4,1971,436002,5,289,193,5,5,31.3,52818
23,4,1971,436002,6,290,176,5,5,34.6,70682
23,4,1971,436002,18,301,223,5,5,42.9,76140
23,4,1971,436002,34,296,187,5,5,36.3,66609
23,4,1971,436002,53,284,174,5,5,28.9,49419
23,4,1971,436002,58,289,188,5,5,30.7,62688
23,4,1971,436002,59,292,187,5,5,33.5,61952
23,4,1971,436002,64,292,192,5,6,40.6,65505
23,4,1971,436002,66,291,191,5,5,31,57515
23,4,1971,436002,67,286,187,5,5,31.4,59019
23,4,1971,436002,81,302,221,5,6,46.5,75470
23,4,1971,436002,86,285,186,5,4,30,57526
25,5,1971,436003,21,313,247,5,6,43.7,66479
25,5,1971,436003,22,310,249,5,6,37.2,53833
27,5,1971,436003,3,292,224,5,5,45.8,75444
27,5,1971,436003,4,319,249,5,6,55.1,71013
27,5,1971,436003,38,305,245,5,5,51.8,81857
27,5,1971,436003,41,290,201,5,5,35.1,45218
27,5,1971,436003,43,322,233,5,,38.5,47115
27,5,1971,436003,50,303,216,5,5,38.1,69417
27,5,1971,436003,61,314,245,5,5,40.5,85138
27,5,1971,436003,66,287,186,5,5,25.7,35696
27,5,1971,436003,78,326,279,5,7,58.5,81049
27,5,1971,436003,92,318,267,5,6,55.8,91635
27,5,1971,436003,100,298,193,5,5,38.3,59899
27,5,1971,436003,116,320,278,5,6,51.6,87397
27,5,1971,436003,124,312,231,5,6,30.4,45341
27,5,1971,436003,132,342,318,5,8,54.7,44645
27,5,1971,436003,134,310,219,5,6,39.8,60051
27,5,1971,436003,154,303,196,5,5,36.5,47561
27,5,1971,436003,155,295,193,5,5,52.8,44852
27,5,1971,436003,158,274,139,5,4,53.8,60434
27,5,1971,436003,165,291,202,5,5,45.9,56362
27,5,1971,436003,170,320,253,5,6,50.3,91338
27,5,1971,436003,171,327,269,5,7,58.8,68397
27,5,1971,436003,172,318,232,5,6,33.7,49455
27,5,1971,436003,173,293,198,5,5,31.9,50237
27,5,1971,436003,176,299,216,5,5,26.6,36457
27,5,1971,436003,178,290,200,5,4,39.1,67643
27,5,1971,436003,182,295,214,5,5,35.8,62576
27,5,1971,436003,189,285,185,2,4,35.4,60253
27,5,1971,436003,195,317,223,5,6,37.6,47600
27,5,1971,436003,196,318,266,5,6,41.2,75761
14,5,1971,437003,12,341,282,5,7,58,86587
14,5,1971,437003,21,342,336,5,8,65.4,81456
14,5,1971,437003,25,337,273,5,7,49,61831
14,5,1971,437003,29,335,286,5,8,53.4,77194
14,5,1971,437003,31,334,285,5,7,72.2,71036
14,5,1971,437003,32,298,186,5,5,29.7,40375
14,5,1971,437003,36,331,275,5,7,49.5,56124
14,5,1971,437003,54,325,240,5,7,46.3,67131
14,5,1971,437003,77,335,285,5,8,59.8,41272
14,5,1971,437003,92,334,287,5,8,50.7,66335
14,5,1971,437003,173,336,246,5,8,46.8,60284
14,5,1971,437003,188,319,259,5,7,54,80003
27,5,1971,437005,2,321,262,5,7,43.5,69836
27,5,1971,437005,3,321,256,5,7,54.3,72335
27,5,1971,437005,5,343,299,5,8,51.2,81078
27,5,1971,437005,6,312,250,5,6,40.3,51381
27,5,1971,437005,12,341,338,5,8,71.6,72845
27,5,1971,437005,13,327,297,5,7,49.3,68453
27,5,1971,437005,89,322,241,5,7,43.3,58472
13,8,1971,437033,1,363,436,5,12,74.5,207370
13,8,1971,437033,16,338,301,5,7,54.1,126999
13,8,1971,437033,22,339,345,5,8,59.8,150340
13,8,1971,437033,24,361,381,5,,66.7,167404
13,8,1971,437033,34,332,318,5,7,53.2,140765
13,8,1971,437033,36,333,339,5,,67,127007
13,8,1971,437033,40,334,315,4,8,33,138943
13,8,1971,437033,42,316,276,4,5,26.9,95312
13,8,1971,437033,45,312,251,4,5,45.7,106789
13,8,1971,437033,49,320,285,4,5,39.5,114886
13,8,1971,437033,51,329,319,4,7,46.8,143716
13,8,1971,437033,52,316,272,5,5,52.1,111218
13,8,1971,437033,54,323,284,4,6,41.7,143043
13,8,1971,437033,55,355,392,5,9,71.2,179674
13,8,1971,437033,56,289,205,4,4,24.8,65059
13,8,1971,437033,57,338,306,4,7,47.6,170141
13,8,1971,437033,58,332,330,5,6,52.5,148484
13,8,1971,437033,65,312,242,4,5,24.6,83993
13,8,1971,437033,70,312,264,4,6,44.3,116870
13,8,1971,437033,76,358,404,4,9,45.6,182407
13,8,1971,437033,78,338,329,4,7,69,154860
13,8,1971,437033,82,343,360,5,9,61.7,173734
13,8,1971,437033,84,354,263,5,9,59.8,167657
13,8,1971,437033,85,348,352,5,8,53.7,151485
13,8,1971,437033,89,332,365,4,8,62.3,170806
13,8,1971,437033,92,348,403,5,,75.8,202792
13,8,1971,437033,95,360,381,4,10,53.1,189062
13,8,1971,437033,96,351,372,5,9,63.6,158540
13,8,1971,437033,97,379,438,5,12,81.8,223168
18,8,1971,437034,2,356,376,5,11,58,151085
18,8,1971,437034,3,360,426,5,10,90.4,214005
18,8,1971,437034,4,342,356,5,8,49.8,143830
18,8,1971,437034,5,348,344,5,8,41.9,149088
18,8,1971,437034,6,312,229,4,5,21.7,93603
18,8,1971,437034,7,326,289,5,6,50.4,139181
18,8,1971,437034,11,359,437,5,,72.7,191242
18,8,1971,437034,13,378,380,5,13,59,147339
18,8,1971,437034,16,325,324,5,6,58.1,118781
18,8,1971,437034,18,353,358,5,9,68.7,189942
18,8,1971,437034,23,347,349,5,7,55.7,165664
18,8,1971,437034,24,325,269,8,7,26.9,137589
18,8,1971,437034,29,362,408,5,9,72.1,199719
18,8,1971,437034,31,346,372,4,9,48.6,163250
18,8,1971,437034,38,352,369,5,11,57.5,191345
18,8,1971,437034,39,334,321,5,8,53.2,136711
18,8,1971,437034,44,323,309,4,7,47.2,154911
18,8,1971,437034,45,352,360,5,11,65.4,175887
18,8,1971,437034,47,325,259,5,6,65,187175
18,8,1971,437034,56,354,328,4,8,43.5,125405
18,8,1971,437034,58,341,346,5,,54.2,163318
18,8,1971,437034,70,318,241,4,5,42.9,126365
18,8,1971,437034,71,338,273,3,8,7.5,103376
18,8,1971,437034,84,298,218,4,4,23.2,65341
18,8,1971,437034,86,379,372,5,,29,200353
18,8,1971,437034,89,354,377,5,,26.4,193513
18,8,1971,437034,96,332,287,5,,32.6,115425
27,7,1971,438018,1,309,247,5,5,45.3,57744
27,7,1971,438018,2,332,303,5,7,85,57184
27,7,1971,438018,10,331,310,5,7,58.6,49036
27,7,1971,438018,22,328,274,5,6,46,66414
27,7,1971,438018,23,314,277,5,5,57.1,79929
27,7,1971,438018,38,325,302,5,7,42.6,126257
27,7,1971,438018,71,335,326,5,7,68.3,65504
27,7,1971,438018,94,316,235,5,6,45.6,48003
27,7,1971,438018,97,322,295,5,6,58.5,46701
2,9,1976,437000,12,298,330,5,6,63,139741
2,9,1976,437000,13,322,323,5,5,71,145121
2,9,1976,437000,42,325,348,5,6,95,176818
10,8,1976,437100,4,306,228,4,4,28,50639
10,8,1976,437100,8,344,348,5,8,80,172243
10,8,1976,437100,19,315,295,4,5,45,109786
10,8,1976,437100,34,350,339,5,8,65,71295
10,8,1976,437100,39,334,313,5,,54,109919
10,8,1976,437100,40,345,373,5,,102,169833
10,8,1976,437100,1,318,291,5,6,43,86177
12,8,1976,437200,1,363,468,5,9,146,191260
2,9,1976,439000,10,340,370,5,7,101,103405
2,9,1976,439000,16,340,358,4,7,75,206943
2,9,1976,439000,38,381,548,4,11,139,176685
7,8,1976,439100,3,342,382,4,7,78,165457
7,8,1976,439100,9,311,286,4,5,53,108704
7,8,1976,439100,10,319,322,5,6,85,148909
7,8,1976,439100,22,298,260,4,4,35,78671
7,8,1976,439100,30,325,335,4,6,86,186665
7,8,1976,439100,38,297,266,4,4,45,90046
7,8,1976,439100,39,327,329,4,5,72,151230
10,8,1976,439200,6,296,232,5,4,42,81523
10,8,1976,439200,10,383,502,5,11,140,188647
10,8,1976,439200,16,367,460,5,10,102,148496
20,8,1976,439300,11,330,305,4,5,48,88798
20,8,1976,439300,33,328,361,4,6,85,186248
20,8,1976,439300,36,361,456,4,9,111,206305
21,8,1976,439400,2,370,492,5,11,128,142779
21,8,1976,439400,15,315,275,4,5,40,123678
21,8,1976,439400,23,315,321,4,6,73,125107
21,8,1976,439400,25,304,277,4,5,50,122668
21,8,1976,439400,33,368,493,5,11,113,164390
21,8,1976,439400,37,327,342,4,6,76,107060
21,8,1976,439400,38,328,328,4,6,80,174661
21,8,1976,439400,45,358,469,4,8,109,179306
25,8,1976,439500,1,345,421,5,7,102,192081
25,8,1976,439500,2,346,371,5,7,89,183182
25,8,1976,439500,8,328,365,5,6,78,168212
25,8,1976,439500,17,381,551,4,11,118,202497
25,8,1976,439500,18,316,305,4,5,47,125100
25,8,1976,439500,20,310,294,4,5,62,136288
26,4,1977,431000,3,360,345,,,,126794
26,4,1977,431000,4,367,338,,,,178930
26,4,1977,431000,5,358,342,,,,133736
26,4,1977,431000,6,356,323,,,,145980
26,4,1977,431000,7,355,339,,,,128244
26,4,1977,431000,8,343,342,,,,104865
26,4,1977,431000,9,340,295,,,,39656
26,4,1977,431000,10,355,350,,,,118671
26,4,1977,431000,11,351,314,,,,97774
26,4,1977,431000,12,372,381,,,,125979
26,4,1977,431000,13,365,352,,,,99712
26,4,1977,431000,14,338,275,,,,150936
26,4,1977,431000,15,365,373,,,,143966
26,4,1977,431000,16,354,331,,,,120092
26,4,1977,431000,17,357,372,,,,143371
26,4,1977,431000,18,285,156,,,,44787
26,4,1977,431000,19,368,360,,,,104414
26,4,1977,431000,20,342,331,,,,102223
26,4,1977,431000,21,358,335,,,,118188
26,4,1977,431000,22,341,310,,,,108705
26,4,1977,431000,23,329,254,,,,94907
26,4,1977,431000,24,350,325,,,,105407
26,4,1977,431000,25,375,330,,,,120027
26,4,1977,431000,26,356,322,,,,169679
26,4,1977,431000,27,333,270,,,,118222
26,4,1977,431000,28,316,237,,,,76710
26,4,1977,431000,29,363,332,,,,103515
26,4,1977,431000,30,352,275,,,,124581
26,4,1977,431000,31,329,260,,,,90929
26,4,1977,431000,32,355,357,,,,79038
26,4,1977,431000,33,350,320,,,,118013
26,4,1977,431000,34,329,259,,,,57171
26,4,1977,431000,35,354,352,,,,118632
26,4,1977,431000,36,362,330,,,,112814
26,4,1977,431000,37,370,382,,,,148361
26,4,1977,431000,38,358,339,,,,139862
26,4,1977,431000,39,359,356,,,,91066
26,4,1977,431000,40,345,312,,,,108905
26,4,1977,431000,41,345,322,,,,90764
26,4,1977,431000,42,350,295,,,,96593
26,4,1977,431000,43,346,321,,,,96930
26,4,1977,431000,44,353,300,,,,96609
26,4,1977,431000,45,332,255,,,,78126
26,4,1977,431000,46,366,360,,,,44776
26,4,1977,431000,47,362,322,,,,103721
26,4,1977,431000,48,347,320,,,,114795
18,5,1977,431006,38,337,352,4,,86.6,94819
18,5,1977,431006,68,358,377,5,,80.9,77735
18,5,1977,431006,74,343,335,4,,31.9,139460
18,5,1977,431006,79,363,418,4,,38.4,167280
14,5,1977,431100,16,336,296,4,,61.4,87914
18,8,1977,431700,5,325,275,5,,49,120236
18,8,1977,431700,8,364,407,5,,74,187758
18,8,1977,431700,37,370,425,5,,85,201657
3,4,1969,436001,61,304,194,5,5,,57484
1,8,1977,437000,3,286,225,4,,23,100690
1,8,1977,437000,5,304,234,4,,32,77021
1,8,1977,437000,12,296,232,4,,17,58484
1,8,1977,437000,13,335,369,4,,63,164743
1,8,1977,437000,17,304,254,4,,28,99823
1,8,1977,437000,23,310,246,4,,30,76161
1,8,1977,437000,27,317,298,5,,54,164939
1,8,1977,437000,28,296,246,5,,37,95993
1,8,1977,437000,35,325,312,5,,46,156956
1,8,1977,437000,39,335,366,5,,76,154355
15,8,1977,437100,10,342,366,5,,72,156390
15,8,1977,437100,11,331,345,5,,68,154244
15,8,1977,437100,14,335,357,5,,77,177377
15,8,1977,437100,29,329,335,5,,65,143135
15,8,1977,437100,32,350,393,5,,95,197522
15,8,1977,437100,38,322,328,5,,76,171254
15,8,1977,437100,44,319,325,5,,70,141196
17,5,1977,437200,11,312,230,5,,56,82466
17,5,1977,437200,19,302,200,5,,40,65808
18,8,1977,437300,4,328,324,4,,72,142193
18,8,1977,437300,8,331,334,4,,73,164606
18,8,1977,437300,9,343,348,4,,85,226993
18,8,1977,437300,18,347,374,4,,63,152477
18,8,1977,437300,23,299,225,4,,23,66127
18,8,1977,437300,26,328,308,4,,56,160647
25,5,1977,437400,72,299,198,5,4,37,59667
28,10,1977,437500,9,317,280,4,,18.4,83879
28,10,1977,437500,22,299,227,4,,12.4,71885
28,10,1977,437500,23,349,356,4,,20.4,78059
28,10,1977,437500,32,314,281,4,,15,90236
28,10,1977,437500,46,298,225,4,,16.1,58991
28,10,1977,437500,49,297,222,4,,11.9,85049
28,10,1977,437500,52,321,301,4,,18,116707
28,10,1977,437500,70,337,369,4,,32.8,145899
28,10,1977,437500,79,290,217,4,,10.3,63516
28,10,1977,437500,81,315,285,4,,22.3,89859
28,10,1977,437500,82,343,396,4,,29,132338
28,10,1977,437500,89,324,303,4,,24.5,99767
28,10,1977,437500,93,315,262,4,,14.2,83922
28,10,1977,437500,95,303,230,4,,15.9,79230
31,8,1977,437600,4,339,334,5,,75,170385
31,8,1977,437600,5,302,237,4,,30,67947
31,8,1977,437600,18,311,244,4,,30,66239
31,8,1977,437600,22,340,308,4,,43,159577
31,8,1977,437600,23,320,269,4,,42,99714
31,8,1977,437600,24,317,274,4,,33,72400
31,8,1977,437600,28,376,508,4,,88,224608
31,8,1977,437600,37,361,433,4,,92,190320
31,8,1977,437600,43,312,257,4,,43,106628
10,8,1977,438000,1,345,303,4,,32,151513
10,8,1977,438000,14,309,244,4,,26,85574
10,8,1977,438000,21,326,319,4,,44,119949
10,8,1977,438000,23,303,232,4,,17,60903
10,8,1977,438000,27,310,255,4,,28,100519
10,8,1977,438000,30,343,342,4,,58,175621
10,8,1977,438000,34,330,309,4,,19,92688
10,8,1977,438000,43,337,353,4,,75,184202
11,8,1977,438100,4,329,310,4,,57,152873
11,8,1977,438100,6,296,222,4,,22,74970
11,8,1977,438100,12,302,214,4,,23,65798
11,8,1977,438100,14,334,305,4,,57,153221
11,8,1977,438100,16,301,224,4,,14,60340
11,8,1977,438100,19,326,311,4,,56,156851
11,8,1977,438100,23,290,207,4,,17,53318
11,8,1977,438100,25,350,430,4,,54,208007
11,8,1977,438100,26,375,475,4,,102,254230
11,8,1977,438100,27,312,240,4,,30,59542
11,8,1977,438100,32,313,249,4,,17,61947
11,8,1977,438100,34,330,318,4,,50,172190
25,5,1977,438200,4,269,130,4,4,13,28237
25,5,1977,438200,13,282,169,4,7,33,39362
25,5,1977,438200,14,283,156,4,4,17,33577
25,5,1977,438200,17,268,146,4,3,16,44559
25,5,1977,438200,47,346,294,4,10,30,107739
25,5,1977,438200,59,266,140,4,3,14,35873
25,5,1977,438200,78,259,126,4,3,14,34177
25,5,1977,438200,79,703,191,5,4,36,63956
25,5,1977,438200,81,290,187,4,4,28,60983
27,10,1977,438300,3,347,370,4,,22.6,111672
27,10,1977,438300,18,311,231,4,,14.5,65792
27,10,1977,438300,22,313,273,4,,17.9,83428
27,10,1977,438300,24,345,333,4,,18.3,109775
27,10,1977,438300,28,325,297,4,,18.7,114672
27,10,1977,438300,31,350,325,4,,25,129997
27,10,1977,438300,51,326,295,4,,22,89077
27,10,1977,438300,68,296,207,4,,11.6,60273
27,10,1977,438300,74,304,220,4,,11,73109
27,10,1977,438300,83,322,286,4,,18.6,91558
27,10,1977,438300,85,298,216,4,,11.9,62928
27,10,1977,438300,88,316,367,4,,17.7,87646
27,10,1977,438300,93,306,233,4,,10.2,57228
28,10,1977,438400,9,317,280,4,,18.4,83879
28,10,1977,438400,23,349,356,4,,20.4,78059
28,10,1977,438400,32,314,281,4,,15,90236
28,10,1977,438400,46,298,225,4,,16.1,58991
28,10,1977,438400,49,297,222,4,,11.9,85049
28,10,1977,438400,52,321,300,4,,18,116707
28,10,1977,438400,70,337,369,4,,32.8,145899
28,10,1977,438400,79,290,217,4,,10.3,63516
28,10,1977,438400,81,315,285,4,,22.3,89859
28,10,1977,438400,82,343,396,4,,29,132338
28,10,1977,438400,89,324,303,4,,24.5,99767
28,10,1977,438400,93,315,262,4,,14.8,83922
28,10,1977,438400,95,303,230,4,,15.9,79230
31,10,1977,438500,1,298,205,4,,7.9,58646
31,10,1977,438500,8,313,225,4,,14.7,68729
31,10,1977,438500,13,297,222,4,,14.2,70713
31,10,1977,438500,16,293,196,4,,9.2,49469
31,10,1977,438500,18,304,212,4,,11.8,58422
31,10,1977,438500,23,297,209,4,,8.3,60226
31,10,1977,438500,25,293,197,4,,11.4,58734
31,10,1977,438500,29,320,274,4,,17.8,99604
31,10,1977,438500,31,301,201,4,,5.2,43684
31,10,1977,438500,37,300,205,4,,9.4,55073
31,10,1977,438500,44,294,211,4,,9.3,45651
31,10,1977,438500,49,304,233,4,,12.2,71599
31,10,1977,438500,53,302,217,4,,11,80746
31,10,1977,438500,58,295,214,4,,10.7,68029
31,10,1977,438500,61,301,223,4,,11,70375
31,10,1977,438500,64,330,309,4,,29.6,101830
31,10,1977,438500,66,302,221,4,,12.7,92160
31,8,1977,438600,4,339,334,5,,75,170385
31,8,1977,438600,5,302,237,4,,30,67947
31,8,1977,438600,18,311,244,4,,30,66239
31,8,1977,438600,22,340,308,4,,43,159577
31,8,1977,438600,23,320,269,4,,42,99714
31,8,1977,438600,24,317,274,4,,33,72400
31,8,1977,438600,28,376,508,4,,88,224608
31,8,1977,438600,37,361,433,4,,92,190320
31,8,1977,438600,43,312,257,4,,43,106628
4,8,1977,439000,2,380,498,5,,100,253123
24,8,1977,439300,12,351,370,4,,70,202408
24,8,1977,439300,26,351,385,,,98,211176
24,8,1977,439300,34,333,349,4,,70,170206
27,10,1977,439400,3,347,370,4,,22.6,111672
27,10,1977,439400,18,311,231,4,,14.5,65792
27,10,1977,439400,22,313,273,4,,17.9,83428
27,10,1977,439400,24,345,333,4,,18.3,109775
27,10,1977,439400,28,325,297,4,,18.7,114672
27,10,1977,439400,31,350,325,4,,25,129997
27,10,1977,439400,51,326,295,4,,22,89077
27,10,1977,439400,68,296,207,4,,11.6,60273
27,10,1977,439400,74,304,220,4,,11,73109
27,10,1977,439400,83,322,286,4,,18.6,91558
27,10,1977,439400,85,298,216,4,,11.9,62928
27,10,1977,439400,88,316,367,4,,17.7,87646
27,10,1977,439400,93,306,233,4,,10.2,57228
31,5,1977,439500,1,270,161,5,,33,34457
31,5,1977,439500,3,259,143,5,,28,42904
31,5,1977,439500,10,281,180,5,,39,37045
31,5,1977,439500,13,280,165,5,,31,36759
31,5,1977,439500,20,250,125,5,,25,32829
31,5,1977,439500,25,270,149,5,,33,37844
31,5,1977,439500,29,275,170,5,,31,46721
31,5,1977,439500,31,304,245,5,,63,61398
31,5,1977,439500,35,284,178,5,,46,52791
31,5,1977,439500,39,272,169,5,,38,34776
31,5,1977,439500,40,248,117,5,,17,19798
31,5,1977,439500,43,270,165,5,,32,36368
31,5,1977,439500,162,254,117,5,,20,22557
31,5,1977,439500,164,269,146,5,,33,39283
31,5,1977,439500,167,256,137,5,,28,31519
31,5,1977,439500,168,267,148,5,,27,33073
31,5,1977,439500,175,252,128,5,,24,25555
31,5,1977,439500,180,275,167,5,,43,39332
31,5,1977,439500,182,270,158,5,,32,33405
31,5,1977,439500,184,296,236,5,,58,51650
31,5,1977,439500,204,275,160,5,,32,34958
31,5,1977,439500,207,252,125,5,,23,27182
31,5,1977,439500,208,265,145,5,,33,31290
31,5,1977,439500,209,305,210,5,,47,42191
31,5,1977,439500,227,270,163,5,,38,44695
31,5,1977,439500,230,300,230,5,,50,53708
31,5,1977,439500,253,272,155,5,,29,33082
31,5,1977,439500,255,262,132,5,,30,29883
31,5,1977,439500,263,272,160,5,,38,34806
31,5,1977,439500,268,265,149,5,,36,34011
31,5,1977,439500,272,262,149,5,,28,39129
31,5,1977,439500,277,272,165,5,,39,30560
31,5,1977,439500,281,250,127,5,,23,41765
31,5,1977,439500,282,288,195,5,,46,23577
31,5,1977,439500,283,307,235,5,,57,41430
31,5,1977,439500,297,271,165,5,,37,37226
27,7,1977,439600,4,342,324,4,,62,153463
27,7,1977,439600,17,351,403,4,,70,199134
27,7,1977,439600,40,368,492,4,,104,285564
27,7,1977,439600,47,343,350,4,,46,157257
20,8,1977,439800,1,368,440,4,,73,81967
20,8,1977,439800,2,390,526,4,,110,284014
20,8,1977,439800,3,323,271,4,,37,175472
1,5,1978,422614,7,348,418,5,,104,117773
1,5,1978,422614,54,330,349,5,,69.1,103242
1,5,1978,422614,57,358,437,5,,122,122219
1,5,1978,422614,78,347,396,6,,88.1,136250
1,5,1978,422614,79,360,478,6,,127,129258
1,5,1978,422614,86,358,474,6,,119,128904
1,5,1978,422614,100,356,413,5,,108,126952
9,5,1978,470610,6,342,333,4,,28.2,161119
9,5,1978,470610,7,345,346,5,,58,120672
9,5,1978,470610,13,366,406,6,,69.5,169158
9,5,1978,470610,73,347,359,4,,34.2,154924
9,5,1978,470610,89,340,314,4,,31.1,154779
27,4,1979,431000,3,348,378,,,94.6,125851
27,4,1979,431000,4,351,405,,,93.9,146958
27,4,1979,431000,5,370,437,,,106,155610
27,4,1979,431000,6,357,427,,,108,154593
27,4,1979,431000,7,342,347,,,74.4,95201
27,4,1979,431000,8,361,396,,,100,122173
27,4,1979,431000,9,336,324,,,75,125670
27,4,1979,431000,10,349,382,,,96.3,147453
27,4,1979,431000,11,367,413,,,109,120639
27,4,1979,431000,12,356,417,,,111,152308
27,4,1979,431000,13,351,408,,,121,150963
27,4,1979,431000,14,360,440,,,118,153846
27,4,1979,431000,15,360,424,,,109,131408
27,4,1979,431000,16,365,409,,,97.8,153594
27,4,1979,431000,17,354,385,,,70.3,111899
27,4,1979,431000,18,333,316,,,76.6,115205
27,4,1979,431000,19,330,309,,,71.9,93565
27,4,1979,431000,20,352,418,,,110,143688
27,4,1979,431000,21,358,387,,,102,133382
27,4,1979,431000,22,353,436,,,100,136141
27,4,1979,431000,23,352,380,,,86.2,134622
27,4,1979,431000,24,350,424,,,104,154043
27,4,1979,431000,25,362,419,,,113,173530
27,4,1979,431000,26,327,329,,,90.4,104601
27,4,1979,431000,27,324,295,,,55.4,96984
27,4,1979,431000,28,327,332,,,94.8,101970
27,4,1979,431000,29,325,308,,,71.8,85519
27,4,1979,431000,30,347,374,,,94.6,121132
27,4,1979,431000,31,349,376,,,88.2,111580
27,4,1979,431000,32,355,445,,,102,29903
27,4,1979,431000,33,348,401,,,111,138230
27,4,1979,431000,34,358,421,,,97.5,128819
27,4,1979,431000,35,362,451,,,118,109373
27,4,1979,431000,36,334,347,,,69.6,86078
27,4,1979,431000,37,357,430,,,107,143640
27,4,1979,431000,38,346,377,,,80.5,113613
27,4,1979,431000,40,356,410,,,103,111281
27,4,1979,431000,41,357,448,,,108,157941
27,4,1979,431000,42,366,401,,,95.5,125021
27,4,1979,431000,43,353,410,,,99.2,116917
27,4,1979,431000,44,325,309,,,74.1,85541
27,4,1979,431000,45,321,286,,,62.4,99269
27,4,1979,431000,46,341,315,,,66.6,79395
27,4,1979,431000,47,360,429,,,114,109414
27,4,1979,431000,48,352,412,,,111,126629
27,4,1979,431000,49,351,368,,,92.8,104928
27,4,1979,431000,50,356,372,,,86.6,97662
27,4,1979,431000,1,350,373,,,88.6,141565
28,4,1979,431100,2,337,355,,,89.2,127973
28,4,1979,431100,3,338,363,,,103,118532
28,4,1979,431100,6,360,416,,,88.5,129469
28,4,1979,431100,12,335,323,,,72.4,89739
28,4,1979,431100,15,349,375,,,78.7,138976
28,4,1979,431100,18,328,326,,,73.4,128292
28,4,1979,431100,20,327,304,,,67.7,121260
28,4,1979,431100,23,325,301,,,66.2,108485
28,4,1979,431100,25,372,452,,,124,156253
28,4,1979,431100,28,340,328,,,74.1,118025
28,4,1979,431100,36,353,377,,,93.3,116911
28,4,1979,431100,37,355,375,,,91.4,107989
28,4,1979,431100,39,342,315,,,82.9,133297
28,4,1979,431100,45,357,391,,,91.2,104330
28,4,1979,431100,46,339,337,,,77.8,118561
28,4,1979,431100,47,342,341,,,86.8,106991
28,4,1979,431100,54,333,334,,,71.2,120635
28,4,1979,431100,66,350,373,,,81.1,146604
28,4,1979,431100,73,332,313,,,71.8,107546
28,4,1979,431100,75,358,403,,,100,130759
28,4,1979,431100,76,362,418,,,96.2,145517
28,4,1979,431100,83,328,318,,,71.6,102782
28,4,1979,431100,84,343,369,,,88,132394
28,4,1979,431100,86,366,437,,,105,130939
28,4,1979,431100,87,362,427,,,115,138279
28,4,1979,431100,96,341,359,,,86.2,126109
28,4,1979,431100,100,327,313,,,66.2,102769
19,9,1979,432000,1,321,257,,,52.6,96726
19,9,1979,432000,2,323,304,5,,69.7,109292
19,9,1979,432000,3,363,427,,,96.8,148198
19,9,1979,432000,4,348,437,5,,104,213886
19,9,1979,432000,5,351,468,5,,144,164942
19,9,1979,432000,7,330,364,5,,70.2,178515
19,9,1979,432000,10,312,295,,,55.6,106266
19,9,1979,432000,11,311,283,5,,56.3,75603
19,9,1979,432000,12,323,325,5,,59.2,98849
19,9,1979,432000,13,342,323,5,,93.1,124872
19,9,1979,432000,14,372,466,5,,110,151703
19,9,1979,432000,17,328,336,5,,84.3,97736
19,9,1979,432000,19,323,322,5,,77.1,114374
19,9,1979,432000,20,331,322,5,,77.9,106868
19,9,1979,432000,21,331,372,5,,118,176324
19,9,1979,432000,22,354,454,5,,101,134822
19,9,1979,432000,23,352,447,5,,105,123507
19,9,1979,432000,24,355,462,5,,137,134245
19,9,1979,432000,25,324,333,5,,67.1,78248
19,9,1979,432000,26,341,341,5,,88.7,127846
19,9,1979,432000,27,351,413,5,,96,129859
19,9,1979,432000,29,325,301,5,,74.7,85955
19,9,1979,432000,30,300,353,5,,54.6,113937
19,9,1979,432000,32,303,261,5,,58.2,85062
19,9,1979,432000,33,340,347,5,,88.3,146741
19,9,1979,432000,34,307,274,5,,65.6,125678
19,9,1979,432000,43,331,308,5,,77.2,119472
19,9,1979,432000,44,314,285,5,,74,103130
19,9,1979,432000,48,342,362,5,,95,145024
21,9,1979,432100,5,366,506,5,,125,212596
21,9,1979,432100,15,331,370,5,,106,140923
21,9,1979,432100,18,263,504,5,,148,135688
21,9,1979,432100,23,355,353,5,,140,201675
21,9,1979,432100,24,365,455,5,,122,194702
21,9,1979,432100,49,339,389,5,,74.9,112148
21,9,1979,432100,64,296,238,5,,66.7,95771
21,9,1979,432100,68,336,360,5,,91.1,123799
21,9,1979,432100,69,353,456,5,,125,170697
21,9,1979,432100,78,334,425,5,,128,179596
21,9,1979,432100,87,332,353,5,,94.5,120110
21,9,1979,432100,90,296,237,5,,48.7,66849
27,9,1979,432200,6,334,371,,,95.6,116611
27,9,1979,432200,32,318,318,,,85.6,121513
27,9,1979,432200,56,327,319,,,88.1,113832
27,9,1979,432200,78,326,329,,,78.6,139936
29,8,1979,436000,2,298,281,,,57.9,88593
29,8,1979,436000,3,326,350,,,84.9,119297
29,8,1979,436000,4,367,430,,,99.1,142401
29,8,1979,436000,6,355,447,,,115,162049
29,8,1979,436000,7,353,454,,,138,218952
29,8,1979,436000,8,331,373,,,103,145331
29,8,1979,436000,9,311,297,,,78,113928
29,8,1979,436000,11,344,402,,,106,80180
29,8,1979,436000,12,344,430,,,127,160550
29,8,1979,436000,13,347,439,,,136,123900
29,8,1979,436000,17,335,353,,,98,55210
29,8,1979,436000,18,309,295,,,62.6,87640
29,8,1979,436000,20,333,380,,,98.8,135633
29,8,1979,436000,21,363,477,,,139,46057
29,8,1979,436000,23,365,476,,,117,148804
29,8,1979,436000,25,372,489,,,119,156467
29,8,1979,436000,26,358,444,,,104,67586
29,8,1979,436000,27,324,314,,,83.6,94520
29,8,1979,436000,29,322,299,,,77.7,99488
29,8,1979,436000,31,352,400,,,96.6,137066
29,8,1979,436000,34,329,370,,,80.1,112121
29,8,1979,436000,35,346,361,,,85.2,126478
29,8,1979,436000,37,362,,,,112,110222
29,8,1979,436000,38,327,356,,,99,135446
29,8,1979,436000,41,387,605,,,166,61898
29,8,1979,436000,43,350,411,,,127,152936
29,8,1979,436000,46,337,393,,,90.4,126499
29,8,1979,436000,47,364,442,,,129,131053
29,8,1979,436000,48,357,414,,,101,147607
29,8,1979,436000,49,387,507,,,80.5,96303
29,8,1979,436000,50,349,412,,,131,131397
5,9,1979,438000,2,315,309,,,75.7,101106
5,9,1979,438000,4,318,294,,,55,93464
5,9,1979,438000,5,360,413,,,87.5,112355
5,9,1979,438000,6,335,385,,,103,135576
5,9,1979,438000,7,348,440,,,123,49690
5,9,1979,438000,8,361,495,,,136,98258
5,9,1979,438000,12,331,358,,,63.3,150448
5,9,1979,438000,13,334,346,,,73.2,110455
5,9,1979,438000,14,332,336,,,76.8,73314
5,9,1979,438000,15,346,423,,,94.3,91307
5,9,1979,438000,16,328,338,,,87,83384
5,9,1979,438000,19,345,411,,,109,76730
5,9,1979,438000,20,348,440,,,89.9,83541
5,9,1979,438000,21,344,440,,,124,127802
5,9,1979,438000,24,348,476,,,127,166932
5,9,1979,438000,26,337,341,,,76.9,94824
5,9,1979,438000,28,349,418,,,108,91337
5,9,1979,438000,29,354,433,,,92.6,62633
5,9,1979,438000,30,361,503,,,149,165802
5,9,1979,438000,31,388,501,,,114,131047
5,9,1979,438000,32,369,467,,,106,148590
5,9,1979,438000,34,326,362,,,114,115033
5,9,1979,438000,37,331,384,,,90.4,100756
5,9,1979,438000,401,306,300,,,62,71695
5,9,1979,438000,402,311,298,,,65.3,156019
5,9,1979,438000,403,333,347,,,86.2,133628
5,9,1979,438000,404,388,384,,,77.2,99824
5,9,1979,438000,405,374,483,,,104,71118
13,8,1983,432002,12,332,365,5,,62.3,186914
15,8,1983,432002,2,328,334,5,,60.4,153500
15,8,1983,432002,13,324,340,5,,65.8,171578
15,8,1983,432002,22,312,279,4,,47.3,110268
15,8,1983,432002,25,315,297,5,,59.9,136483
15,8,1983,432002,31,341,421,5,,81.4,201978
15,8,1983,432002,32,350,417,5,,65,155143
15,8,1983,432002,37,345,398,5,,75.1,177076
15,8,1983,432002,53,324,324,4,,44.9,138206
15,8,1983,432002,60,314,308,5,,64.4,138563
15,8,1983,432002,62,317,311,5,,57.8,160344
15,8,1983,432002,65,325,352,4,,50.9,115201
15,8,1983,432002,67,324,341,5,,81.4,106658
15,8,1983,432002,82,345,394,5,,78.4,105783
15,8,1983,432002,84,327,329,5,,67.9,167630
15,8,1983,432002,88,325,327,5,,75.5,162637
15,8,1983,432002,94,323,339,5,,65.7,158960
23,5,1983,436010,1,304,223,5,,49.5,68696
23,5,1983,436010,2,284,193,5,,40.7,60351
23,5,1983,436010,4,298,221,6,,53.6,80779
23,5,1983,436010,6,277,163,4,,27.2,30066
23,5,1983,436010,7,308,232,5,,56.5,85995
23,5,1983,436010,8,262,145,5,,22.6,32995
23,5,1983,436010,15,273,150,5,,22.6,44202
23,5,1983,436010,16,261,128,4,,20.5,35711
23,5,1983,436010,17,270,179,5,,44.1,46051
23,5,1983,436010,20,301,208,5,,35.2,43837
23,5,1983,436010,21,292,209,5,,46.1,70399
23,5,1983,436010,26,283,274,4,,30.8,42842
23,5,1983,436010,27,302,230,5,,53.3,76401
23,5,1983,436010,28,300,216,5,,44.6,61621
23,5,1983,436010,31,308,240,5,,52.6,68044
23,5,1983,436010,36,29,211,5,,36.8,55628
23,5,1983,436010,41,287,225,5,,49.1,59685
23,5,1983,436010,46,280,142,3,,14.2,20522
23,5,1983,436010,52,300,196,5,,37.7,49800
23,5,1983,436010,65,300,245,5,,48.6,60503
23,5,1983,436010,68,299,237,5,,52.6,68091
23,5,1983,436010,70,282,182,4,,38.4,42998
23,5,1983,436010,72,271,156,4,,11.4,45859
23,5,1983,436010,73,280,155,4,,24.4,38446
23,5,1983,436010,75,297,172,4,,16.5,25357
23,5,1983,436010,76,278,137,4,,14.8,26837
23,5,1983,436010,77,289,222,4,,44.9,67859
23,5,1983,436010,78,296,222,5,,47.2,78950
23,5,1983,436010,79,304,237,5,,44.8,74335
23,5,1983,436010,81,301,240,,,61,86554
23,5,1983,436010,82,302,208,,,44.8,69844
23,5,1983,436010,84,296,209,,,48.2,76652
23,5,1983,436010,85,291,219,,,46.4,72078
30,4,1983,436011,1,337,301,,,52.7,90460
30,4,1983,436011,3,306,244,,,51.8,86580
30,4,1983,436011,4,286,192,,,32.2,60290
30,4,1983,436011,6,274,160,,,24.9,47524
30,4,1983,436011,8,300,218,,,43.2,72625
30,4,1983,436011,10,296,221,,,39,66632
30,4,1983,436011,15,297,217,,,47.8,87805
30,4,1983,436011,16,315,303,,,61.3,101903
30,4,1983,436011,17,312,252,,,51.6,89725
30,4,1983,436011,23,279,199,,,42.2,72503
30,4,1983,436011,25,304,254,,,44.7,79192
30,4,1983,436011,27,306,247,,,41.5,72734
30,4,1983,436011,37,285,181,,,26.7,46735
30,4,1983,436011,42,292,242,,,34.5,73894
30,4,1983,436011,43,297,242,,,49.6,84304
29,5,1983,436012,12,306,203,,,22.8,29309
29,5,1983,436012,14,299,194,,,25.8,36301
29,5,1983,436012,18,297,227,,,50.1,61116
29,5,1983,436012,20,292,220,,,32.8,36667
29,5,1983,436012,31,314,261,,,48.4,57332
29,5,1983,436012,33,280,162,,,18.9,28577
29,5,1983,436012,36,279,188,,,33.6,43785
29,5,1983,436012,39,292,216,,,37.7,51960
29,5,1983,436012,41,292,191,,,30,37201
29,5,1983,436012,44,287,197,,,24.7,42135
29,4,1983,436015,2,297,216,5,,46.9,104202
29,4,1983,436015,6,270,174,4,,29,54583
29,4,1983,436015,12,298,200,5,,34.5,57468
29,4,1983,436015,13,270,161,4,,20.1,34668
29,4,1983,436015,18,299,213,5,,38.5,71514
29,4,1983,436015,26,295,219,5,,47.1,76393
29,4,1983,436015,31,271,162,4,,17.3,44140
29,4,1983,436015,33,291,198,5,,31.1,51896
29,4,1983,436015,40,288,244,5,,46.6,77282
29,4,1983,436015,41,300,215,5,,40.9,81942
29,4,1983,436015,44,296,210,5,,31.7,48457
29,4,1983,436016,36,274,178,4,,25.2,54485
17,8,1983,436017,3,293,226,4,,32.3,85131
17,8,1983,436017,8,297,245,5,,56.9,110702
17,8,1983,436017,9,314,336,5,,78.5,154219
17,8,1983,436017,11,309,279,5,,45.8,66931
17,8,1983,436017,13,301,277,4,,44.4,102281
17,8,1983,436017,15,334,350,5,,57.1,152295
17,8,1983,436017,17,319,358,5,,71.7,161779
17,8,1983,436017,19,289,232,4,,40.3,96110
17,8,1983,436017,20,315,298,4,,48.4,106349
17,8,1983,436017,24,335,407,5,,73.3,182058
17,8,1983,436017,42,347,369,4,,44.8,117564
17,8,1983,436017,45,319,363,5,,81.5,170805
17,8,1983,436017,46,327,347,5,,62.3,188585
17,8,1983,436017,48,287,198,4,,28.5,77110
17,8,1983,436017,54,332,385,5,,68.4,182081
17,8,1983,436017,56,317,342,5,,72.2,151235
17,8,1983,436017,58,314,307,5,,52.7,97491
17,8,1983,436017,66,329,366,4,,58.4,114007
17,8,1983,436017,77,329,327,5,,57.4,79885
17,8,1983,436017,78,320,329,5,,71.5,96766
27,8,1983,438007,39,331,382,5,,112,192833
27,8,1983,438007,52,304,271,5,,62.2,84670
1,9,1983,438011,29,314,348,5,,,177943
6,9,1983,438023,1,351,359,6,,41.9,121313
7,6,1984,431201,32,313,256,5,5,51.5,92285
30,5,1984,431202,8,326,276,5,5,51.7,97225
16,5,1984,432205,15,271,151,4,3,15.3,32770
16,5,1984,432205,20,277,169,4,3,20.7,45533
16,5,1984,432205,33,282,178,4,4,16.6,64777
16,5,1984,432205,34,270,155,4,3,21.7,31291
5,9,1984,432214,19,361,476,5,8,96.5,99056
5,9,1984,432214,33,343,467,4,,96.5,96943
1,10,1984,432217,1,330,345,5,7,79.6,189423
1,10,1984,432217,28,273,200,5,4,49.4,84574
1,10,1984,432217,35,311,279,5,4,58.7,117607
5,9,1984,433203,3,314,291,5,4,51.6,99528
5,9,1984,433203,12,278,218,5,4,54.5,87921
5,9,1984,433203,15,291,214,4,4,34.1,100575
5,9,1984,433203,22,290,229,5,4,36.5,80772
5,9,1984,433203,26,336,333,5,7,88.2,114270
13,8,1984,433207,11,313,284,5,4,52.9,108336
13,8,1984,433207,28,295,251,5,4,54.8,100494
14,9,1984,433208,8,304,251,5,4,33.8,107318
14,9,1984,433208,10,283,220,5,4,39.2,85504
14,9,1984,433208,14,323,299,5,5,65.5,171074
14,9,1984,433208,16,315,298,4,,52.4,121674
15,9,1984,436116,6,317,294,5,,63.5,156813
15,9,1984,436116,26,324,390,5,,97.1,186956
15,9,1984,436117,6,307,309,5,,58.9,117328
15,9,1984,436117,7,326,347,5,,91.8,102892
10,5,1984,436213,15,331,297,4,,56,62036
10,5,1984,436213,19,279,158,4,,28.6,39539
15,9,1984,436216,5,351,425,5,,114,150024
15,9,1984,436217,1,387,560,5,11,134.9,343706
15,9,1984,436217,3,362,500,5,9,104,262872
15,9,1984,436217,4,337,351,5,7,87.3,207951
15,9,1984,436217,21,316,280,5,5,61.6,128396
15,9,1984,436217,25,333,378,5,7,112.5,134311
15,9,1984,436217,27,337,433,5,8,117,260301
15,5,1984,436218,7,270,161,5,,19,39268
17,8,1984,437205,17,359,488,4,8,112.5,117261
17,8,1984,437205,32,285,235,4,4,29,69532
15,8,1984,437206,6,388,487,4,10,55.1,139827
15,8,1984,437206,8,395,561,4,10,75.8,161018
15,8,1984,437206,10,327,329,5,5,70.3,69924
15,8,1984,437206,13,366,464,4,9,95.8,101613
15,8,1984,437206,20,344,359,4,6,62,87840
15,8,1984,437206,33,358,435,4,,42.1,86053
15,8,1984,437206,34,342,356,4,7,73.3,139443
6,9,1984,437207,2,285,215,5,4,36,65001
6,9,1984,437207,6,295,234,5,4,47.9,96832
6,9,1984,437207,7,314,302,4,,61,121370
6,9,1984,437207,15,307,279,4,,54.6,118118
6,9,1984,437207,16,328,377,5,,108,154608
6,9,1984,437207,18,369,462,4,,94.9,96818
6,9,1984,437207,20,362,537,5,,151.2,79350
6,9,1984,437207,22,339,401,5,6,81.2,114796
30,8,1984,437208,1,327,369,4,6,87.1,60417
30,8,1984,437208,5,321,320,4,5,73.2,79510
30,8,1984,437208,16,306,264,4,5,56.2,134085
30,8,1984,437208,20,349,416,4,7,106.4,123861
15,8,1984,437209,18,407,598,4,10,99.2,115629
20,9,1984,437210,9,357,364,5,8,91.2,72707
20,9,1984,437210,13,294,249,5,4,56.4,63169
20,9,1984,437210,26,353,412,5,7,123,108892
17,9,1984,437213,24,352,468,5,7,141.6,83559
17,9,1984,437213,26,318,313,5,5,63.9,134539
16,7,1984,437214,23,347,439,4,,68.7,130520
5,8,1984,438115,18,321,330,5,,73.6,157170
5,8,1984,438115,36,315,322,5,,61.6,115241
20,7,1984,438206,1,355,447,5,9,53.1,250834
20,7,1984,438206,17,333,390,4,,34.9,181038
20,7,1984,438206,26,319,356,4,,42,186530
20,7,1984,438206,29,347,406,4,,43.9,218807
3,8,1984,438209,5,340,439,5,7,74,251296
30,8,1984,438210,11,327,369,5,5,109.1,170162
30,8,1984,438214,4,328,374,5,,96,202506
17,9,1984,438216,29,326,324,5,6,87.6,173470
20,8,1984,438270,2,335,389,4,8,57.4,152962
20,8,1984,438270,10,318,295,4,5,50.2,168226
20,8,1984,438270,16,330,388,4,8,70.9,193084
20,8,1984,438270,24,394,566,5,12,123.8,202901
20,8,1984,438284,10,342,391,4,,76.5,134213
20,8,1984,438284,11,296,269,4,,39.4,123398
9,8,1984,438286,15,342,369,5,,81.7,82856
4,5,1984,438288,2,337,298,5,,56.6,101245
9,5,1985,430401,4,323,312,4,,55.7,96889
9,5,1985,430401,5,343,411,5,,71.8,187262
9,5,1985,430401,23,340,379,5,,55,127868
9,5,1985,430401,24,345,367,2,,62.7,153260
9,5,1985,430401,28,345,390,5,,65,164959
9,5,1985,430401,30,297,232,4,,35.3,91798
9,5,1985,430401,37,305,248,4,,30.2,109185
9,5,1985,430401,38,317,296,4,,65,144996
9,5,1985,430401,40,301,265,4,,36.1,117992
20,9,1985,432003,11,347,418,5,,111.9,148325
20,9,1985,432003,19,850,920,5,,113.5,231084
20,9,1985,432003,29,319,257,5,,55.6,111894
14,9,1985,432014,1,348,420,5,,108.7,161883
14,9,1985,432014,2,308,225,5,,77.3,99399
14,9,1985,432014,3,331,363,5,,98.7,120572
19,9,1985,432017,23,352,414,5,,100.4,175468
19,9,1985,432017,29,348,387,5,,105.3,180899
25,5,1985,432021,14,305,254,5,,55.7,100966
11,5,1985,433001,8,315,239,5,,58.8,85267
11,5,1985,433001,16,284,184,5,,30,32146
11,5,1985,433001,20,284,184,5,,30,66581
11,5,1985,433001,22,303,221,5,,38.1,75414
11,5,1985,433001,28,271,168,5,,31.2,45171
20,9,1985,433002,3,326,362,4,7,93.1,139367
20,9,1985,433002,5,332,362,4,,95.9,207942
20,9,1985,433002,11,322,306,4,6,65.5,149321
20,9,1985,433002,15,300,256,5,5,26.6,124494
20,9,1985,433002,18,288,227,4,3,37.2,90848
20,9,1985,433002,20,315,349,5,5,90.7,210577
20,9,1985,433002,23,335,335,5,,56.8,124663
20,9,1985,433002,27,294,241,4,4,43.5,88586
13,6,1985,433006,2,304,233,4,5,34.1,72254
20,9,1985,433020,3,312,344,4,,103.3,170872
9,5,1985,436006,5,303,246,5,,61.6,113833
9,5,1985,436006,18,278,186,5,,27.5,46726
9,5,1985,436006,21,257,132,5,,13.1,39119
9,5,1985,436006,22,169,169,6,,31.9,52603
9,5,1985,436006,24,270,161,5,,25.4,42051
9,5,1985,436006,27,293,129,5,,34.3,56264
9,5,1985,436006,29,255,121,5,,19,40307
9,5,1985,436006,31,280,184,5,,35.9,53212
9,5,1985,436006,32,275,174,5,,33.6,45764
3,5,1985,436007,13,261,137,5,,17.6,38958
3,5,1985,436007,21,316,272,5,5,61.7,83201
3,5,1985,436007,26,272,153,5,3,24.3,40247
20,9,1985,436012,3,326,362,4,5,83.1,184023
14,9,1985,437001,1,331,345,4,,85.2,180543
22,5,1986,431999,1,284,189,5,,35.8,46795
29,4,1986,432001,1,,,,,,104738
29,4,1986,432001,4,,,,,,68021
29,4,1986,432001,8,,,,,,6097
29,4,1986,432001,12,,,,,,48994
29,4,1986,432001,13,,,,,,104907
14,5,1986,432003,3,,,,,,98962
14,5,1986,432003,19,,,,,,91178
14,5,1986,432004,3,,,,,,73159
14,5,1986,432004,8,,,,,,35419
14,5,1986,432004,11,,,,,,53561
2,9,1986,432016,16,,,,,,89864
2,9,1986,432016,27,,,,,,61431
2,9,1986,432999,1,290,211,5,,32.3,63020
2,9,1986,432999,2,303,260,5,,51.2,96630
2,9,1986,432999,3,336,324,4,,47,154391
2,9,1986,432999,4,325,291,5,,71,164162
26,5,1986,433004,39,,,,,,63442
26,5,1986,433004,40,,,,,,110740
26,5,1986,433004,41,,,,,,90752
28,5,1986,433005,5,,,,,,134476
28,5,1986,433005,6,,,,,,126621
28,5,1986,433005,12,,,,,,69264
28,5,1986,433005,13,,,,,,51799
28,5,1986,433005,22,,,,,,81027
6,6,1986,433006,73,,,,,,101715
6,6,1986,433006,74,,,,,,132309
27,5,1986,433007,42,,,,,,115502
27,5,1986,433007,43,,,,,,105020
27,5,1986,433007,44,,,,,,85908
27,5,1986,433007,45,,,,,,141386
26,8,1986,433009,25,,,,,,213005
26,8,1986,433010,12,,,,,,193131
30,8,1986,433014,16,,,,,,208303
30,8,1986,433014,26,,,,,,202680
4,9,1986,433017,14,,,,,,36055
4,9,1986,433017,28,,,,,,157124
4,9,1986,433017,33,,,,,,107177
4,9,1986,433017,35,,,,,,154777
9,9,1986,433022,24,,,,,,154346
11,9,1986,433025,11,,,,,,167366
11,9,1986,433025,15,,,,,,93903
19,9,1986,433027,5,,,,,,174070
20,9,1986,433028,15,,,,,,197968
26,8,1986,433999,7,307,242,4,,47.9,89496
26,8,1986,433999,8,298,212,4,,26.3,71638
26,8,1986,433999,9,292,218,4,,37.2,62301
26,8,1986,433999,10,306,262,5,,40.5,79588
26,8,1986,433999,11,291,187,4,,34.3,76008
26,8,1986,433999,12,313,274,4,,48.3,89597
26,8,1986,433999,13,308,256,5, ,46.8,91874
26,8,1986,433999,15,325,287,4, ,48.1,132767
26,8,1986,433999,16,298,246,4,,40.1,87437
26,8,1986,433999,17,307,244,5, ,52.5,101799
26,8,1986,433999,18,297,235,5, ,52.7,98857
26,8,1986,433999,19,314,256,5,,56.8,116263
26,8,1986,433999,20,301,237,5,,51.9,79942
26,8,1986,433999,21,303,247,5,,58.1,94193
26,8,1986,433999,22,286,210,4,,29.1,66583
26,8,1986,433999,23,343,371,5,,81.9,186589
26,8,1986,433999,24,335,337,4,,49.3,151728
26,8,1986,433999,25,291,240,5,,40,75029
26,8,1986,433999,26,297,217,4,,24.6,60821
26,8,1986,433999,27,331,315,5,,54.5,64053
26,8,1986,433999,28,350,375,5,,93.9,196993
26,8,1986,433999,29,303,252,5, ,49.4,104971
26,8,1986,433999,30,298,212,5,,45.5,75498
26,8,1986,433999,31,301,237,5,,49.2,85063
26,8,1986,433999,35,298,240,4,,37.3,73174
26,8,1986,433999,36,310,279,5,,57.4,89122
26,8,1986,433999,38,328,332,5,,83.3,140533
26,8,1986,433999,39,285,200,5,,35.8,68799
26,8,1986,433999,40,297,220,5,,41.4,95585
26,8,1986,433999,41,295,231,5,,39.8,75671
26,8,1986,433999,42,329,336,5,,75,104107
26,8,1986,433999,43,315,275,5, ,72.8,111004
26,8,1986,433999,46,320,262,5,,46.4,92032
26,8,1986,433999,47,324,280,5, ,54.4,106124
10,5,1986,436009,1,,,,,,73684
10,5,1986,436999,1,308,273,5,,41.1,68056
10,5,1986,436999,2,288,197,5,,35.6,52321
10,5,1986,436999,3,286,187,5,,32.4,49579
10,5,1986,436999,4,298,213,5,,39.3,51542
10,5,1986,436999,5,334,304,5, ,73,117249
10,5,1986,436999,6,297,196,5, ,29.8,56167
10,5,1986,436999,7,304,200,4,,29.3,62543
10,5,1986,436999,8,276,174,5, ,32.3,47218
7,5,1986,437001,4,,,,,,94677
7,5,1986,437001,55,,,,,,61581
7,5,1986,437001,74,,,,,,68303
29,7,1986,437999,1,333,416,4, ,44.2,227251
29,7,1986,437999,2,320,324,4, ,34.8,124320
29,7,1986,437999,3,319,344,4,,36.6,136800
29,7,1986,437999,4,304,294,4,,26.1,114831
29,7,1986,437999,5,312,297,4, ,41.8,145781
29,7,1986,437999,6,337,394,4,,62.3,235376
29,7,1986,437999,7,305,303,4, ,35.9,130767
29,7,1986,437999,8,301,297,4,,29.2,83205
29,7,1986,437999,9,316,331,4,,40.8,105368
29,7,1986,437999,11,312,333,4,,30.7,107990
29,7,1986,437999,12,320,328,4,,32.3,123298
29,7,1986,437999,13,314,322,4,,28.5,91772
29,7,1986,437999,14,314,307,4,,52.6,165019
29,7,1986,437999,15,313,301,4,,35.2,161835
29,7,1986,437999,16,317,319,4,,30.1,151603
29,7,1986,437999,17,318,311,4,,26.7,125789
25,4,1986,438001,3,,,,,,114867
25,4,1986,438001,6,,,,,,57075
25,4,1986,438001,7,,,,,,64754
25,4,1986,438001,11,,,,,,54686
25,4,1986,438001,13,,,,,,28616
1,5,1986,438002,1,,,,,,89993
1,5,1986,438002,5,,,,,,57251
1,5,1986,438002,7,,,,,,107661
1,5,1986,438002,10,,,,,,88878
1,5,1986,438002,11,,,,,,96598
1,5,1986,438002,12,,,,,,78450
1,5,1986,438002,13,,,,,,65078
1,5,1986,438002,14,,,,,,46064
1,5,1986,438002,15,,,,,,91842
1,5,1986,438002,18,,,,,,107959
13,8,1986,438006,25,,,,,,162344
19,8,1986,438011,21,,,,,,231272
27,8,1986,438018,1,,,,,,60488
27,8,1986,438018,9,,,,,,77009
27,8,1986,438018,14,,,,,,68253
27,8,1986,438018,18,,,,,,198633
27,8,1986,438018,21,,,,,,206960
27,8,1986,438018,25,,,,,,168713
27,8,1986,438018,26,,,,,,231458
27,8,1986,438018,30,,,,,,284601
27,8,1986,438018,39,,,,,,158035
27,8,1986,438018,40,,,,,,193193
27,8,1986,438018,44,,,,,,85027
4,9,1986,438019,15,,,,,,232973
20,11,1986,438088,36,,,,,,131748
,,,,,,,,,,
,,,,,,,,,,
,,,,,,,,,,
,,,,,,,,,,
,,,,,,,,,,
,,,,,,,,,,
,,,,, ,,,,,
